target,あ,い,う,え,お,か,き,く,け,こ,さ,し,す,せ,そ,た,ち,つ,て,と,な,に,ぬ,ね,の,は,ひ,ふ,へ,ほ,ま,み,む,め,も,や,ゆ,よ,ら,り,る,れ,ろ,わ,他,n
あ,92,1,1,0,0,7,0,2,0,0,1,1,0,0,0,4,1,5,2,1,0,0,0,0,0,2,0,0,0,0,0,0,0,0,0,0,0,0,1,0,0,0,0,0,15,136
い,0,26,0,1,0,0,1,0,0,0,0,0,0,0,0,0,0,0,0,0,0,0,0,0,0,0,0,0,0,0,0,0,0,0,0,0,1,0,0,2,0,0,0,0,0,31
う,0,0,16,3,0,0,0,0,1,0,0,0,0,0,0,1,1,3,1,2,0,0,0,2,0,0,0,0,0,0,0,0,0,0,0,0,2,0,0,0,3,1,1,0,2,39
え,0,2,0,18,0,0,0,0,0,0,0,0,0,0,0,0,0,1,0,0,0,0,0,0,0,0,0,0,0,0,0,0,0,0,0,1,0,0,0,0,0,0,0,0,1,23
お,3,0,0,0,20,0,0,0,0,1,0,0,0,0,0,0,0,1,0,1,0,0,1,0,0,0,0,0,0,0,0,0,0,0,1,0,0,0,0,0,0,0,1,0,2,31
か,9,0,0,0,0,50,1,27,2,1,0,0,1,0,0,3,4,12,1,0,0,0,1,0,0,0,1,1,1,0,0,0,0,0,0,0,0,1,1,0,0,0,0,0,17,134
き,0,0,0,0,0,0,10,0,0,0,0,0,0,0,0,0,11,4,0,0,0,0,0,0,0,0,0,0,0,0,0,0,0,0,0,0,0,0,0,0,0,0,0,0,4,29
く,0,0,0,0,0,12,1,9,2,0,0,0,0,0,0,0,2,0,0,0,0,0,0,0,0,0,0,0,0,0,0,0,0,0,0,0,0,0,0,0,0,0,0,0,6,32
け,0,0,0,0,0,0,5,1,1,0,0,1,0,0,0,0,5,8,3,1,0,0,0,0,0,0,1,0,0,0,0,0,0,0,0,0,0,0,0,1,0,0,0,0,2,29
こ,0,0,0,0,1,1,0,2,0,25,0,1,0,0,0,0,0,0,0,1,0,0,0,0,0,0,0,0,0,0,0,0,0,0,0,0,0,0,0,0,0,0,0,0,0,31
さ,0,0,0,0,0,0,0,0,0,0,0,1,3,0,0,0,1,6,0,0,0,0,0,0,0,0,0,1,0,0,0,0,0,0,0,0,0,0,0,0,0,0,0,0,1,13
し,2,2,0,0,0,0,2,3,0,0,0,29,3,0,0,0,66,40,3,0,1,2,1,0,0,0,2,2,0,0,0,0,0,0,0,0,0,0,0,0,0,0,0,0,11,169
す,0,0,0,0,0,0,0,0,0,0,0,0,1,0,0,0,4,21,0,0,0,0,0,0,0,0,0,0,0,0,0,0,0,0,0,0,0,0,0,0,0,0,0,0,0,26
せ,0,0,0,0,0,0,0,0,0,0,0,1,4,0,0,0,2,3,0,0,0,0,0,0,0,0,0,3,0,0,0,0,0,0,0,0,0,0,0,0,0,0,0,0,1,14
そ,0,0,0,0,0,0,0,0,0,0,0,1,0,0,0,0,3,4,0,0,0,0,0,0,0,0,0,0,0,0,0,0,0,0,0,1,0,0,0,0,0,0,0,0,1,10
た,0,0,0,0,0,0,0,2,0,0,0,1,1,0,0,6,0,5,1,2,0,1,1,0,0,0,0,0,0,0,0,0,0,0,0,0,0,0,0,0,0,0,0,1,4,25
ち,0,0,0,0,0,0,0,0,0,0,0,1,0,0,0,0,7,7,0,0,0,0,1,0,0,0,0,0,0,0,0,0,0,0,0,0,0,0,1,0,0,0,0,0,1,18
つ,0,1,1,0,0,0,2,1,0,0,1,6,8,0,0,1,23,68,2,0,1,0,2,0,0,0,2,2,0,1,0,0,1,0,0,0,0,1,0,0,1,0,0,0,11,136
て,1,0,0,0,0,0,2,1,1,0,0,0,0,0,0,1,2,3,4,1,0,0,0,1,0,0,0,0,0,0,0,1,0,0,0,0,0,0,0,1,0,0,0,0,6,25
と,0,0,0,0,0,0,0,0,0,0,0,0,0,0,0,1,2,6,1,6,0,1,0,0,0,1,0,0,0,0,0,0,0,0,0,0,0,0,0,0,0,0,0,0,2,20
な,0,0,1,2,0,0,0,0,0,0,0,0,0,0,0,0,0,0,0,0,0,0,1,0,1,0,0,0,1,0,0,0,2,0,0,0,0,0,0,0,2,0,1,0,6,17
に,0,8,5,1,2,0,0,0,0,0,0,0,0,0,0,0,0,0,0,1,0,0,0,0,0,0,0,1,0,0,0,0,1,0,0,0,0,1,0,0,0,0,0,0,3,23
ぬ,0,1,4,1,3,0,0,0,0,0,0,0,0,0,0,0,0,1,1,1,0,0,1,0,0,0,0,0,0,0,0,1,0,0,0,0,0,0,0,0,0,0,1,0,9,24
ね,0,4,3,1,1,0,0,1,0,0,0,0,0,0,0,0,1,0,0,0,0,0,0,0,0,0,0,1,0,0,0,0,0,0,0,0,1,0,0,1,0,0,0,0,6,20
の,0,1,3,0,0,0,0,1,0,0,0,0,0,0,0,0,2,0,0,0,0,0,0,0,0,0,0,0,0,0,0,0,0,0,0,0,0,0,0,0,1,0,0,0,12,20
は,1,0,0,0,0,0,0,1,0,1,1,0,1,0,0,0,1,4,0,0,0,0,0,0,0,10,0,2,1,0,0,0,0,0,0,0,0,0,0,0,0,0,0,0,2,25
ひ,1,0,0,0,0,0,5,0,0,0,0,2,0,0,0,0,4,3,0,0,0,0,0,0,0,0,0,0,0,0,0,0,0,0,0,0,0,0,0,0,0,0,0,0,0,15
ふ,0,0,1,0,0,0,1,0,0,0,0,2,0,0,0,4,1,1,1,0,0,0,0,0,0,0,0,0,1,0,0,1,0,0,0,0,0,0,0,0,0,0,0,0,3,16
へ,0,2,0,0,0,0,2,0,7,0,0,0,0,0,0,0,5,0,0,0,0,0,0,0,0,0,0,2,1,0,0,0,0,0,0,0,0,0,0,0,0,0,0,0,2,21
ほ,1,0,1,0,2,0,0,0,0,3,0,1,0,0,0,0,0,1,0,1,0,0,0,0,0,10,1,2,0,1,0,0,0,0,0,0,0,0,0,0,0,0,0,0,4,28
ま,3,1,18,0,1,0,0,3,0,0,0,2,1,0,1,0,2,6,2,1,1,0,1,0,0,0,0,1,0,0,2,0,4,0,0,0,0,0,0,0,1,0,0,0,50,101
み,0,0,4,0,3,0,0,0,0,0,1,0,0,0,0,0,0,0,0,2,0,0,0,0,0,0,0,0,0,0,0,0,0,0,0,0,0,0,0,0,0,0,0,0,9,19
む,0,1,5,0,1,0,0,0,0,0,0,0,0,0,0,0,1,1,0,0,0,0,0,0,0,0,0,0,0,0,0,0,0,0,0,0,0,0,0,0,0,0,0,0,6,15
め,0,0,8,0,0,0,0,1,0,0,0,0,0,0,0,0,0,1,0,0,1,0,0,0,0,0,0,0,1,0,0,0,0,0,0,0,0,0,0,0,1,0,0,0,2,15
も,3,0,3,0,1,0,0,2,0,0,0,0,0,0,0,0,0,0,0,0,0,0,1,0,1,1,0,0,0,0,0,0,0,0,0,0,0,0,0,0,0,0,0,0,9,21
や,0,10,0,0,0,0,1,0,0,0,0,0,0,0,0,0,0,0,0,0,0,0,0,0,0,0,0,0,0,0,1,0,0,0,0,4,0,1,0,0,0,0,0,0,1,18
ゆ,0,18,0,0,0,0,0,0,0,0,0,0,0,0,0,0,1,0,1,0,0,0,0,0,0,0,1,0,0,0,0,0,0,0,0,0,0,0,0,1,0,0,0,0,0,22
よ,0,22,0,0,0,0,0,0,0,0,0,0,0,0,0,0,0,0,0,0,0,0,0,0,0,0,0,0,0,0,0,0,0,0,0,0,0,1,0,0,0,0,0,0,0,23
ら,3,1,20,4,0,1,0,0,0,0,0,0,1,0,0,2,4,6,3,2,3,0,5,0,2,0,0,2,0,0,0,0,1,1,0,0,0,0,3,0,2,0,0,0,35,101
り,0,12,0,0,1,0,0,0,0,0,0,0,0,0,0,0,0,0,0,1,0,0,0,0,0,0,0,0,0,0,0,0,0,0,0,0,0,0,0,3,0,0,0,0,4,21
る,0,1,6,0,0,1,0,0,0,0,0,1,0,0,0,0,0,1,1,0,0,0,0,0,0,0,0,0,0,0,0,0,1,0,0,0,1,0,0,1,0,0,0,1,7,22
れ,0,0,6,3,0,0,0,1,0,0,0,0,1,0,0,1,0,0,1,0,0,1,1,0,0,0,0,1,0,0,0,0,0,1,0,2,0,0,0,0,0,8,0,0,5,32
ろ,4,1,1,0,0,0,0,2,0,0,0,0,0,0,0,1,1,0,0,0,0,0,1,0,2,1,0,0,0,0,0,0,0,0,0,0,1,1,0,1,2,0,0,0,9,28
わ,0,0,3,0,6,0,0,0,0,0,0,0,0,0,0,0,0,1,0,0,0,0,0,0,0,0,0,0,0,0,0,0,1,0,2,0,0,0,0,0,0,0,1,0,1,15
