target,response,k,n,rate,ci_lo,ci_hi,rank
ぐ,く,24,26,0.9230769230769231,0.7585844605936842,0.9786449117205875,1
だ,た,20,22,0.9090909090909091,0.721850529721749,0.9747045712376774,2
が,か,87,98,0.8877551020408163,0.8101006655770652,0.9361573008232768,3
じ,ち,16,19,0.8421052631578947,0.6243452453548595,0.9447952840464915,4
ぺ,て,22,27,0.8148148148148148,0.6330131622138684,0.9181929290877906,5
べ,え,24,30,0.8,0.6269430343619583,0.9049489287811706,6
ず,つ,18,26,0.6923076923076923,0.500117415261907,0.8349868448809437,7
ひ,き,13,19,0.6842105263157895,0.46010407504696654,0.8463562100152995,8
へ,け,20,30,0.6666666666666666,0.4878005150467802,0.8076950200327357,9
ぷ,と,6,9,0.6666666666666666,0.35420213352505864,0.8794161825659264,9
ぎ,き,14,22,0.6363636363636364,0.4295170793613564,0.8026679542917857,11
ご,こ,12,20,0.6,0.3865814992347542,0.7811934687282198,12
す,つ,21,36,0.5833333333333334,0.422002514538589,0.7285943804665977,13
ば,ぱ,12,21,0.5714285714285714,0.36546554224185784,0.7553003119028359,14
し,ち,36,64,0.5625,0.44086208863767085,0.6770599037828904,15
ど,と,10,18,0.5555555555555556,0.3371641549342691,0.7544048199620327,16
び,り,13,24,0.5416666666666666,0.35074865225073715,0.7210866638699854,17
ぞ,そ,16,30,0.5333333333333333,0.3614229949695976,0.6976761120463056,18
ら,な,63,130,0.4846153846153846,0.4003882272761468,0.5697256669279833,19
ぼ,ぽ,12,25,0.48,0.3003128583305077,0.6650148317799079,20
で,て,7,16,0.4375,0.23098652281405668,0.6682144375606189,21
ぶ,う,6,15,0.4,0.19824496026274246,0.6425317004565552,22
ざ,さ,13,33,0.3939393939393939,0.24683107337806381,0.5631655930798483,23
ぴ,い,5,13,0.38461538461538464,0.17709707685632237,0.6447710866356315,24
ぴ,り,5,13,0.38461538461538464,0.17709707685632237,0.6447710866356315,24
り,い,5,13,0.38461538461538464,0.17709707685632237,0.6447710866356315,24
り,ぎ,5,13,0.38461538461538464,0.17709707685632237,0.6447710866356315,24
ぱ,た,25,66,0.3787878787878788,0.2714944691844008,0.49941524180554386,28
く,か,3,8,0.375,0.13684428473912286,0.694257607346229,29
ゆ,い,5,14,0.35714285714285715,0.16344731650094954,0.6123557707570447,30
ほ,は,10,30,0.3333333333333333,0.19230497996726426,0.5121994849532198,31
そ,つ,8,24,0.3333333333333333,0.1797219023644938,0.5329368331526154,31
き,ち,4,12,0.3333333333333333,0.13812009012485987,0.6093779130595061,31
さ,す,9,28,0.32142857142857145,0.179332468369093,0.5066115696450038,34
げ,け,6,19,0.3157894736842105,0.15364378998470052,0.5398959249530334,35
ぽ,と,7,23,0.30434782608695654,0.1560402436889323,0.5086575642878356,36
も,ん,10,33,0.30303030303030304,0.17375531345237225,0.4733813528266073,37
ろ,あ,6,21,0.2857142857142857,0.1381386287176154,0.4995638088483033,38
ゆ,え,4,14,0.2857142857142857,0.11721378562701742,0.5464908452599742,38
ぼ,ぱ,7,25,0.28,0.1428385377368367,0.47576605347773543,40
ど,ぱ,5,18,0.2777777777777778,0.1249975330046966,0.5087265674100965,41
せ,つ,10,37,0.2702702702702703,0.15397461440966215,0.42978168456560734,42
ぜ,せ,4,15,0.26666666666666666,0.1089745324961737,0.5195043425155202,43
ふ,た,5,19,0.2631578947368421,0.1180641227208778,0.4879155107704944,44
め,れ,5,19,0.2631578947368421,0.1180641227208778,0.4879155107704944,44
み,う,7,27,0.25925925925925924,0.13170374490590095,0.44678571468694817,46
そ,す,6,24,0.25,0.11999366158732966,0.4489944416883343,47
ぞ,つ,7,30,0.23333333333333334,0.11792388080557861,0.40928326306719587,48
と,た,4,18,0.2222222222222222,0.09000928045845544,0.45214584506003586,49
も,ま,7,33,0.21212121212121213,0.10676021475084824,0.3775164513491988,50
な,ぬ,5,24,0.20833333333333334,0.0924482529436571,0.40470453421128416,51
に,い,6,31,0.1935483870967742,0.09187008308024841,0.3628025796020883,52
ぬ,う,6,31,0.1935483870967742,0.09187008308024841,0.3628025796020883,52
つ,す,19,99,0.1919191919191919,0.126450392789113,0.28040360691533694,54
ろ,の,4,21,0.19047619047619047,0.07667564999345375,0.40000564871287325,55
せ,す,7,37,0.1891891891891892,0.09479978678812225,0.342046970649007,56
で,え,3,16,0.1875,0.06591599019788683,0.4300888116754912,57
ざ,つ,6,33,0.18181818181818182,0.08610768158724216,0.34388231778649414,58
ぎ,ち,4,22,0.18181818181818182,0.07306884532528965,0.3851660761507122,58
さ,つ,5,28,0.17857142857142858,0.07878501895759982,0.3559142494677742,60
よ,や,5,28,0.17857142857142858,0.07878501895759982,0.3559142494677742,60
ぽ,ぱ,4,23,0.17391304347826086,0.0697865351446468,0.3713764781499663,62
そ,さ,4,24,0.16666666666666666,0.06678676282131818,0.3585307082129004,63
わ,お,4,24,0.16666666666666666,0.06678676282131818,0.3585307082129004,63
け,き,3,18,0.16666666666666666,0.05836576760185505,0.39222038302033446,63
お,あ,2,12,0.16666666666666666,0.04696514175692082,0.4480308646118111,63
げ,て,3,19,0.15789473684210525,0.055204715953508426,0.3756547546451403,67
ふ,ず,3,19,0.15789473684210525,0.055204715953508426,0.3756547546451403,67
の,な,3,20,0.15,0.05236874548672649,0.36041886664286427,69
の,ん,3,20,0.15,0.05236874548672649,0.36041886664286427,69
む,う,3,20,0.15,0.05236874548672649,0.36041886664286427,69
ば,あ,3,21,0.14285714285714285,0.04981012460790432,0.34636060466862695,72
ば,た,3,21,0.14285714285714285,0.04981012460790432,0.34636060466862695,72
ほ,ぱ,4,30,0.13333333333333333,0.05309655447112463,0.2968132683539402,74
う,え,2,15,0.13333333333333333,0.03736125876428492,0.37881983053980567,74
ぜ,ち,2,15,0.13333333333333333,0.03736125876428492,0.37881983053980567,74
ぽ,た,3,23,0.13043478260869565,0.04537659058182972,0.32127482448539857,77
な,ろ,3,24,0.125,0.04344334046194118,0.3100388144515548,78
ね,れ,3,24,0.125,0.04344334046194118,0.3100388144515548,78
か,く,12,100,0.12,0.06999406407369686,0.19812099499074032,80
ち,し,3,25,0.12,0.04166817117905039,0.2995579409188468,80
ず,す,3,26,0.11538461538461539,0.040032445923591814,0.28975903379070655,82
る,れ,3,26,0.11538461538461539,0.040032445923591814,0.28975903379070655,82
と,か,2,18,0.1111111111111111,0.031019522364791025,0.32799765336109676,84
と,ぱ,2,18,0.1111111111111111,0.031019522364791025,0.32799765336109676,84
ど,た,2,18,0.1111111111111111,0.031019522364791025,0.32799765336109676,84
ぷ,つ,1,9,0.1111111111111111,0.01989088741690992,0.4349997083707909,84
げ,き,2,19,0.10526315789473684,0.029358560033196812,0.31394082911909027,88
ふ,つ,2,19,0.10526315789473684,0.029358560033196812,0.31394082911909027,88
ふ,ぷ,2,19,0.10526315789473684,0.029358560033196812,0.31394082911909027,88
め,ね,2,19,0.10526315789473684,0.029358560033196812,0.31394082911909027,88
べ,れ,3,30,0.1,0.03459988847741868,0.256210827331743,92
て,け,2,20,0.1,0.02786648096169142,0.3010336471864123,92
て,ぺ,2,20,0.1,0.02786648096169142,0.3010336471864123,92
む,ん,2,20,0.1,0.02786648096169142,0.3010336471864123,92
ぬ,ん,3,31,0.0967741935483871,0.033464643902175836,0.24899938594300403,96
ろ,が,2,21,0.09523809523809523,0.026518767198269788,0.2891413926484656,97
だ,と,2,22,0.09090909090909091,0.025295428762322658,0.278149470278251,98
れ,ね,2,23,0.08695652173913043,0.02418000426569175,0.2679598125741516,99
す,ち,3,36,0.08333333333333333,0.028748611111890116,0.21826691386217598,100
ね,に,2,24,0.08333333333333333,0.023158815087796644,0.2584880237049766,100
ね,ん,2,24,0.08333333333333333,0.023158815087796644,0.2584880237049766,100
び,ぴ,2,24,0.08333333333333333,0.023158815087796644,0.2584880237049766,100
せ,し,3,37,0.08108108108108109,0.02796057388250915,0.21300679483709983,104
ち,つ,2,25,0.08,0.022220401084126262,0.24966109123460217,105
ぼ,た,2,25,0.08,0.022220401084126262,0.24966109123460217,105
し,つ,5,64,0.078125,0.033831176694428755,0.17019537446678323,107
ぐ,う,2,26,0.07692307692307693,0.0213550882794125,0.24141553940631577,108
る,う,2,26,0.07692307692307693,0.0213550882794125,0.24141553940631577,108
る,ぬ,2,26,0.07692307692307693,0.0213550882794125,0.24141553940631577,108
ぴ,え,1,13,0.07692307692307693,0.013710421090225994,0.333139511713605,108
ぴ,ひ,1,13,0.07692307692307693,0.013710421090225994,0.333139511713605,108
ぺ,で,2,27,0.07407407407407407,0.020554653875390336,0.23369592848118886,113
み,お,2,27,0.07407407407407407,0.020554653875390336,0.23369592848118886,113
み,ん,2,27,0.07407407407407407,0.020554653875390336,0.23369592848118886,113
が,た,7,98,0.07142857142857142,0.03502845340673954,0.14016011004551404,116
よ,ゆ,2,28,0.07142857142857142,0.019812063936445176,0.22645362729738683,116
ぞ,さ,2,30,0.06666666666666667,0.018477023624516822,0.21323458516874166,118
ぞ,す,2,30,0.06666666666666667,0.018477023624516822,0.21323458516874166,118
へ,き,2,30,0.06666666666666667,0.018477023624516822,0.21323458516874166,118
へ,て,2,30,0.06666666666666667,0.018477023624516822,0.21323458516874166,118
い,え,1,15,0.06666666666666667,0.01186689536153232,0.2981653010887565,118
い,ゆ,1,15,0.06666666666666667,0.01186689536153232,0.2981653010887565,118
う,お,1,15,0.06666666666666667,0.01186689536153232,0.2981653010887565,118
う,べ,1,15,0.06666666666666667,0.01186689536153232,0.2981653010887565,118
う,る,1,15,0.06666666666666667,0.01186689536153232,0.2981653010887565,118
ぜ,つ,1,15,0.06666666666666667,0.01186689536153232,0.2981653010887565,118
ぜ,へ,1,15,0.06666666666666667,0.01186689536153232,0.2981653010887565,118
ぶ,え,1,15,0.06666666666666667,0.01186689536153232,0.2981653010887565,118
ぶ,ぐ,1,15,0.06666666666666667,0.01186689536153232,0.2981653010887565,118
ぶ,ち,1,15,0.06666666666666667,0.01186689536153232,0.2981653010887565,118
ぶ,む,1,15,0.06666666666666667,0.01186689536153232,0.2981653010887565,118
し,す,4,64,0.0625,0.02457120122589082,0.1499748518301809,133
で,け,1,16,0.0625,0.011119344641247308,0.283287377981482,133
で,べ,1,16,0.0625,0.011119344641247308,0.283287377981482,133
つ,ち,6,99,0.06060606060606061,0.028069797282004524,0.12596787442762075,136
ざ,ち,2,33,0.06060606060606061,0.016780882935808303,0.1960624495326847,136
は,ふ,2,33,0.06060606060606061,0.016780882935808303,0.1960624495326847,136
け,せ,1,18,0.05555555555555555,0.009875190868776959,0.2575730099608091,139
け,つ,1,18,0.05555555555555555,0.009875190868776959,0.2575730099608091,139
せ,ち,2,37,0.05405405405405406,0.014950976698341792,0.1770465448418871,141
げ,え,1,19,0.05263157894736842,0.009351993958601784,0.24638731374732356,142
じ,き,1,19,0.05263157894736842,0.009351993958601784,0.24638731374732356,142
ひ,し,1,19,0.05263157894736842,0.009351993958601784,0.24638731374732356,142
ひ,す,1,19,0.05263157894736842,0.009351993958601784,0.24638731374732356,142
ひ,ち,1,19,0.05263157894736842,0.009351993958601784,0.24638731374732356,142
ふ,す,1,19,0.05263157894736842,0.009351993958601784,0.24638731374732356,142
ふ,ぱ,1,19,0.05263157894736842,0.009351993958601784,0.24638731374732356,142
ふ,ひ,1,19,0.05263157894736842,0.009351993958601784,0.24638731374732356,142
ふ,ん,1,19,0.05263157894736842,0.009351993958601784,0.24638731374732356,142
め,お,1,19,0.05263157894736842,0.009351993958601784,0.24638731374732356,142
め,ぬ,1,19,0.05263157894736842,0.009351993958601784,0.24638731374732356,142
ご,お,1,20,0.05,0.008881448702335523,0.23613119546428119,153
ご,ぷ,1,20,0.05,0.008881448702335523,0.23613119546428119,153
ご,ぽ,1,20,0.05,0.008881448702335523,0.23613119546428119,153
て,え,1,20,0.05,0.008881448702335523,0.23613119546428119,153
の,か,1,20,0.05,0.008881448702335523,0.23613119546428119,153
の,む,1,20,0.05,0.008881448702335523,0.23613119546428119,153
の,る,1,20,0.05,0.008881448702335523,0.23613119546428119,153
む,ぬ,1,20,0.05,0.008881448702335523,0.23613119546428119,153
む,ひ,1,20,0.05,0.008881448702335523,0.23613119546428119,153
む,ま,1,20,0.05,0.008881448702335523,0.23613119546428119,153
こ,か,1,21,0.047619047619047616,0.00845598771610133,0.22669360270083821,163
こ,た,1,21,0.047619047619047616,0.00845598771610133,0.22669360270083821,163
こ,ぱ,1,21,0.047619047619047616,0.00845598771610133,0.22669360270083821,163
ば,お,1,21,0.047619047619047616,0.00845598771610133,0.22669360270083821,163
ろ,お,1,21,0.047619047619047616,0.00845598771610133,0.22669360270083821,163
ろ,な,1,21,0.047619047619047616,0.00845598771610133,0.22669360270083821,163
ろ,ぬ,1,21,0.047619047619047616,0.00845598771610133,0.22669360270083821,163
ろ,は,1,21,0.047619047619047616,0.00845598771610133,0.22669360270083821,163
ろ,ま,1,21,0.047619047619047616,0.00845598771610133,0.22669360270083821,163
ろ,よ,1,21,0.047619047619047616,0.00845598771610133,0.22669360270083821,163
ろ,る,1,21,0.047619047619047616,0.00845598771610133,0.22669360270083821,163
ろ,ん,1,21,0.047619047619047616,0.00845598771610133,0.22669360270083821,163
ぎ,い,1,22,0.045454545454545456,0.008069427531839063,0.21798046029102053,175
ぎ,て,1,22,0.045454545454545456,0.008069427531839063,0.21798046029102053,175
ぎ,で,1,22,0.045454545454545456,0.008069427531839063,0.21798046029102053,175
た,と,1,23,0.043478260869565216,0.007716666057951335,0.2099115525545071,178
た,ぱ,1,23,0.043478260869565216,0.007716666057951335,0.2099115525545071,178
そ,し,1,24,0.041666666666666664,0.007393456083597233,0.20241806658845338,180
そ,ち,1,24,0.041666666666666664,0.007393456083597233,0.20241806658845338,180
な,ら,1,24,0.041666666666666664,0.007393456083597233,0.20241806658845338,180
な,ん,1,24,0.041666666666666664,0.007393456083597233,0.20241806658845338,180
ね,い,1,24,0.041666666666666664,0.007393456083597233,0.20241806658845338,180
ね,え,1,24,0.041666666666666664,0.007393456083597233,0.20241806658845338,180
び,い,1,24,0.041666666666666664,0.007393456083597233,0.20241806658845338,180
び,み,1,24,0.041666666666666664,0.007393456083597233,0.20241806658845338,180
び,め,1,24,0.041666666666666664,0.007393456083597233,0.20241806658845338,180
や,ね,1,24,0.041666666666666664,0.007393456083597233,0.20241806658845338,180
や,よ,1,24,0.041666666666666664,0.007393456083597233,0.20241806658845338,180
や,ら,1,24,0.041666666666666664,0.007393456083597233,0.20241806658845338,180
わ,ご,1,24,0.041666666666666664,0.007393456083597233,0.20241806658845338,180
ぼ,と,1,25,0.04,0.007096233423382073,0.1954406391161776,193
ぼ,ば,1,25,0.04,0.007096233423382073,0.1954406391161776,193
ぼ,ほ,1,25,0.04,0.007096233423382073,0.1954406391161776,193
ず,し,1,26,0.038461538461538464,0.006821984917985538,0.18892779073917254,196
ず,ぞ,1,26,0.038461538461538464,0.006821984917985538,0.18892779073917254,196
ず,ち,1,26,0.038461538461538464,0.006821984917985538,0.18892779073917254,196
ず,ぷ,1,26,0.038461538461538464,0.006821984917985538,0.18892779073917254,196
る,い,1,26,0.038461538461538464,0.006821984917985538,0.18892779073917254,196
る,じ,1,26,0.038461538461538464,0.006821984917985538,0.18892779073917254,196
る,す,1,26,0.038461538461538464,0.006821984917985538,0.18892779073917254,196
る,み,1,26,0.038461538461538464,0.006821984917985538,0.18892779073917254,196
る,め,1,26,0.038461538461538464,0.006821984917985538,0.18892779073917254,196
る,ら,1,26,0.038461538461538464,0.006821984917985538,0.18892779073917254,196
ぺ,け,1,27,0.037037037037037035,0.006568145908046982,0.18283466100127826,206
ぺ,れ,1,27,0.037037037037037035,0.006568145908046982,0.18283466100127826,206
さ,し,1,28,0.03571428571428571,0.0063325197789164955,0.17712197905773489,208
よ,え,1,28,0.03571428571428571,0.0063325197789164955,0.17712197905773489,208
ぞ,ち,1,30,0.03333333333333333,0.005908590316197976,0.16670391146115726,210
へ,ひ,1,30,0.03333333333333333,0.005908590316197976,0.16670391146115726,210
へ,ぴ,1,30,0.03333333333333333,0.005908590316197976,0.16670391146115726,210
へ,べ,1,30,0.03333333333333333,0.005908590316197976,0.16670391146115726,210
べ,ぺ,1,30,0.03333333333333333,0.005908590316197976,0.16670391146115726,210
ほ,お,1,30,0.03333333333333333,0.005908590316197976,0.16670391146115726,210
ほ,こ,1,30,0.03333333333333333,0.005908590316197976,0.16670391146115726,210
ほ,と,1,30,0.03333333333333333,0.005908590316197976,0.16670391146115726,210
ほ,な,1,30,0.03333333333333333,0.005908590316197976,0.16670391146115726,210
ほ,に,1,30,0.03333333333333333,0.005908590316197976,0.16670391146115726,210
に,み,1,31,0.03225806451612903,0.005717221462126484,0.16194105315828217,220
ぬ,お,1,31,0.03225806451612903,0.005717221462126484,0.16194105315828217,220
ぬ,な,1,31,0.03225806451612903,0.005717221462126484,0.16194105315828217,220
ぬ,み,1,31,0.03225806451612903,0.005717221462126484,0.16194105315828217,220
ぬ,る,1,31,0.03225806451612903,0.005717221462126484,0.16194105315828217,220
あ,お,3,99,0.030303030303030304,0.01035863949788586,0.0853368026744722,225
ぱ,あ,2,66,0.030303030303030304,0.008349910123479819,0.10392521996255558,225
ぱ,と,2,66,0.030303030303030304,0.008349910123479819,0.10392521996255558,225
ぱ,ば,2,66,0.030303030303030304,0.008349910123479819,0.10392521996255558,225
ざ,か,1,33,0.030303030303030304,0.005369410477441133,0.15318725526474106,225
ざ,ぞ,1,33,0.030303030303030304,0.005369410477441133,0.15318725526474106,225
ざ,た,1,33,0.030303030303030304,0.005369410477441133,0.15318725526474106,225
は,あ,1,33,0.030303030303030304,0.005369410477441133,0.15318725526474106,225
は,さ,1,33,0.030303030303030304,0.005369410477441133,0.15318725526474106,225
は,ぱ,1,33,0.030303030303030304,0.005369410477441133,0.15318725526474106,225
も,の,1,33,0.030303030303030304,0.005369410477441133,0.15318725526474106,225
も,わ,1,33,0.030303030303030304,0.005369410477441133,0.15318725526474106,225
ま,む,4,133,0.03007518796992481,0.011756525832034535,0.07477762089588036,237
す,ず,1,36,0.027777777777777776,0.004920407085360526,0.1416971878852477,238
せ,ふ,1,37,0.02702702702702703,0.004786974398970301,0.13824069996187852,239
せ,ゆ,1,37,0.02702702702702703,0.004786974398970301,0.13824069996187852,239
ら,ま,3,130,0.023076923076923078,0.007878820312387274,0.06565190001564196,241
ら,よ,3,130,0.023076923076923078,0.007878820312387274,0.06565190001564196,241
ま,あ,3,133,0.022556390977443608,0.007700422759946934,0.0642182703156146,243
が,と,2,98,0.02040816326530612,0.005614614104519376,0.07138211166347869,244
か,あ,2,100,0.02,0.0055019675006616475,0.07001179131757478,245
か,が,2,100,0.02,0.0055019675006616475,0.07001179131757478,245
し,ず,1,64,0.015625,0.0027635418927853816,0.08334101684786545,247
ら,あ,2,130,0.015384615384615385,0.004229205806016861,0.05435846162407737,248
ら,か,2,130,0.015384615384615385,0.004229205806016861,0.05435846162407737,248
ぱ,か,1,66,0.015151515151515152,0.002679640514358664,0.08095920344541979,250
ぱ,は,1,66,0.015151515151515152,0.002679640514358664,0.08095920344541979,250
ま,な,2,133,0.015037593984962405,0.0041335844279959365,0.05316965499521223,252
ま,の,2,133,0.015037593984962405,0.0041335844279959365,0.05316965499521223,252
ま,ろ,2,133,0.015037593984962405,0.0041335844279959365,0.05316965499521223,252
が,さ,1,98,0.01020408163265306,0.0018035477368670456,0.05555481049427992,255
あ,や,1,99,0.010101010101010102,0.0017853072594413884,0.055015315221405195,256
つ,き,1,99,0.010101010101010102,0.0017853072594413884,0.055015315221405195,256
つ,さ,1,99,0.010101010101010102,0.0017853072594413884,0.055015315221405195,256
つ,し,1,99,0.010101010101010102,0.0017853072594413884,0.055015315221405195,256
つ,ず,1,99,0.010101010101010102,0.0017853072594413884,0.055015315221405195,256
つ,せ,1,99,0.010101010101010102,0.0017853072594413884,0.055015315221405195,256
つ,ぞ,1,99,0.010101010101010102,0.0017853072594413884,0.055015315221405195,256
つ,ひ,1,99,0.010101010101010102,0.0017853072594413884,0.055015315221405195,256
つ,ぷ,1,99,0.010101010101010102,0.0017853072594413884,0.055015315221405195,256
か,う,1,100,0.01,0.0017674320446096452,0.05448619674900669,265
か,さ,1,100,0.01,0.0017674320446096452,0.05448619674900669,265
か,す,1,100,0.01,0.0017674320446096452,0.05448619674900669,265
か,ず,1,100,0.01,0.0017674320446096452,0.05448619674900669,265
か,た,1,100,0.01,0.0017674320446096452,0.05448619674900669,265
ら,お,1,130,0.007692307692307693,0.001359174220562906,0.042285440311596305,270
ら,が,1,130,0.007692307692307693,0.001359174220562906,0.042285440311596305,270
ら,こ,1,130,0.007692307692307693,0.001359174220562906,0.042285440311596305,270
ら,も,1,130,0.007692307692307693,0.001359174220562906,0.042285440311596305,270
ら,や,1,130,0.007692307692307693,0.001359174220562906,0.042285440311596305,270
ら,ろ,1,130,0.007692307692307693,0.001359174220562906,0.042285440311596305,270
ら,わ,1,130,0.007692307692307693,0.001359174220562906,0.042285440311596305,270
ま,か,1,133,0.007518796992481203,0.001328487592951632,0.04135929817790317,277
ま,も,1,133,0.007518796992481203,0.001328487592951632,0.04135929817790317,277
ま,よ,1,133,0.007518796992481203,0.001328487592951632,0.04135929817790317,277
ま,ら,1,133,0.007518796992481203,0.001328487592951632,0.04135929817790317,277
ま,ん,1,133,0.007518796992481203,0.001328487592951632,0.04135929817790317,277
