bin,scope,target,n,n_correct,acc,top_wrong,k_top,rate_top,rate_top_of_errors,ci_lo,ci_hi,n_wrong,rank,n_in_scope
all,68音,じ,57,2,0.03508771929824561,ち,43,0.7543859649122807,0.7818181818181819,0.6289770366095616,0.8476716258852038,55,1,67
all,68音,が,264,3,0.011363636363636364,か,192,0.7272727272727273,0.735632183908046,0.6705773978137116,0.7774488356947554,261,2,67
all,68音,す,69,13,0.18840579710144928,つ,48,0.6956521739130435,0.8571428571428571,0.5791642973664105,0.791503731729489,56,3,67
all,68音,ぺ,69,3,0.043478260869565216,て,47,0.6811594202898551,0.7121212121212122,0.5641587418891826,0.7790523961625763,66,4,67
all,68音,べ,81,3,0.037037037037037035,え,54,0.6666666666666666,0.6923076923076923,0.5585283497304159,0.7597122882314609,78,5,67
all,68音,だ,63,2,0.031746031746031744,た,42,0.6666666666666666,0.6885245901639344,0.5436724104581231,0.7705038560607448,61,5,67
all,68音,ず,51,2,0.0392156862745098,つ,32,0.6274509803921569,0.6530612244897959,0.49025213361206255,0.7467948061518562,49,7,67
all,68音,ぐ,72,0,0.0,く,45,0.625,0.625,0.5095289893544211,0.7278082173068178,72,8,67
all,68音,ご,48,7,0.14583333333333334,こ,30,0.625,0.7317073170731707,0.48362763408726595,0.747847333225614,41,8,67
all,68音,ひ,39,4,0.10256410256410256,き,23,0.5897435897435898,0.6571428571428571,0.4341862276510412,0.7292069009395471,35,10,67
all,68音,ゆ,39,8,0.20512820512820512,い,23,0.5897435897435898,0.7419354838709677,0.4341862276510412,0.7292069009395471,31,10,67
all,68音,へ,57,5,0.08771929824561403,け,31,0.543859649122807,0.5961538461538461,0.4159068588247255,0.6662739450536823,52,12,67
all,68音,ぼ,60,2,0.03333333333333333,ぽ,32,0.5333333333333333,0.5517241379310345,0.40893426933426563,0.6537209404634525,58,13,67
all,68音,り,36,7,0.19444444444444445,い,18,0.5,0.6206896551724138,0.3447432529897015,0.6552567470102986,29,14,67
all,68音,ば,54,4,0.07407407407407407,ぱ,26,0.48148148148148145,0.52,0.35393972653587036,0.6114829989852052,50,15,67
all,68音,ど,51,1,0.0196078431372549,と,24,0.47058823529411764,0.48,0.34052990115584864,0.6047669588986317,50,16,67
all,68音,し,264,62,0.23484848484848486,ち,119,0.45075757575757575,0.5891089108910891,0.391871099075764,0.5110565503307348,202,17,67
all,68音,で,45,9,0.2,て,20,0.4444444444444444,0.5555555555555556,0.30938929939922566,0.5882386561425615,36,18,67
all,68音,よ,54,23,0.42592592592592593,い,22,0.4074074074074074,0.7096774193548387,0.28678212001394765,0.5403315075914297,31,19,67
all,68音,ぎ,57,2,0.03508771929824561,き,23,0.40350877192982454,0.41818181818181815,0.2861751546716785,0.5330270767958244,55,20,67
all,68音,き,45,20,0.4444444444444444,ち,17,0.37777777777777777,0.68,0.251080845865547,0.523700656326385,25,21,67
all,68音,く,45,18,0.4,か,16,0.35555555555555557,0.5925925925925926,0.23219082522121015,0.5016418591874369,27,22,67
all,68音,ほ,66,14,0.21212121212121213,は,23,0.3484848484848485,0.4423076923076923,0.2447587399036189,0.46887839883381194,52,23,67
all,68音,ぴ,60,4,0.06666666666666667,い,20,0.3333333333333333,0.35714285714285715,0.22729261451704227,0.45943133649436674,56,24,67
all,68音,ぞ,57,3,0.05263157894736842,そ,19,0.3333333333333333,0.35185185185185186,0.22493806002136646,0.46277488524068394,54,24,67
all,68音,も,60,15,0.25,ん,19,0.31666666666666665,0.4222222222222222,0.21305867482950364,0.4423376712830463,45,26,67
all,68音,げ,51,9,0.17647058823529413,け,16,0.3137254901960784,0.38095238095238093,0.20327678393067292,0.4502699964143688,42,27,67
all,68音,の,45,16,0.35555555555555557,ん,14,0.3111111111111111,0.4827586206896552,0.195286991890479,0.4566480569515979,29,28,67
all,68音,そ,39,4,0.10256410256410256,つ,12,0.3076923076923077,0.34285714285714286,0.1856593223013319,0.46421254500455034,35,29,67
all,68音,ら,264,71,0.2689393939393939,な,77,0.2916666666666667,0.39896373056994816,0.24013854894363046,0.3491707370069415,193,30,67
all,68音,ぶ,72,14,0.19444444444444445,う,21,0.2916666666666667,0.3620689655172414,0.19938056126820808,0.40505742762972713,58,30,67
all,68音,さ,42,14,0.3333333333333333,す,12,0.2857142857142857,0.42857142857142855,0.1716702455484269,0.43567209391310635,28,32,67
all,68音,ぷ,54,19,0.35185185185185186,と,15,0.2777777777777778,0.42857142857142855,0.17616827587686873,0.4089044303760367,35,33,67
all,68音,ざ,69,15,0.21739130434782608,つ,19,0.2753623188405797,0.35185185185185186,0.1839452157137213,0.39047297310209766,54,34,67
all,68音,ぱ,264,99,0.375,た,69,0.26136363636363635,0.41818181818181815,0.21205548667035937,0.31751696814575026,165,35,67
all,68音,び,63,8,0.12698412698412698,り,16,0.25396825396825395,0.2909090909090909,0.16280411214645463,0.3734118753733118,55,36,67
all,68音,ぽ,63,16,0.25396825396825395,と,16,0.25396825396825395,0.3404255319148936,0.16280411214645463,0.3734118753733118,47,36,67
all,68音,に,66,33,0.5,い,16,0.24242424242424243,0.48484848484848486,0.15509184885760655,0.3580912869960259,33,38,67
all,68音,み,48,19,0.3958333333333333,う,11,0.22916666666666666,0.3793103448275862,0.13307826208858892,0.3653926420668379,29,39,67
all,68音,せ,57,19,0.3333333333333333,つ,13,0.22807017543859648,0.34210526315789475,0.13841890443359872,0.3520601115202729,38,40,67
all,68音,わ,45,25,0.5555555555555556,お,10,0.2222222222222222,0.5,0.12544685475248524,0.36269292295645134,20,41,67
all,68音,ふ,42,3,0.07142857142857142,た,9,0.21428571428571427,0.23076923076923078,0.11705799819621746,0.3593984544191604,39,42,67
all,68音,や,48,31,0.6458333333333334,い,10,0.20833333333333334,0.5882352941176471,0.11730272904178425,0.3425890138948294,17,43,67
all,68音,む,39,15,0.38461538461538464,う,8,0.20512820512820512,0.3333333333333333,0.10779718175750849,0.35533968144484407,24,44,67
all,68音,ろ,54,1,0.018518518518518517,あ,11,0.2037037037037037,0.20754716981132076,0.11774054035909727,0.32902306797810993,53,45,67
all,68音,め,42,15,0.35714285714285715,う/れ,8,0.19047619047619047,0.2962962962962963,0.09982008230706524,0.33300774135959404,27,46,67
all,68音,け,48,17,0.3541666666666667,つ,9,0.1875,0.2903225806451613,0.10191390905651461,0.31939867266128563,31,47,67
all,68音,ち,48,32,0.6666666666666666,つ,9,0.1875,0.5625,0.10191390905651461,0.31939867266128563,16,47,67
all,68音,ま,264,145,0.5492424242424242,ん,49,0.1856060606060606,0.4117647058823529,0.14333633294646123,0.2368940440334927,119,49,67
all,68音,ぜ,39,10,0.2564102564102564,せ,7,0.1794871794871795,0.2413793103448276,0.08977265424428486,0.3266804579321853,29,50,67
all,68音,ぬ,63,26,0.4126984126984127,う,10,0.15873015873015872,0.2702702702702703,0.08857092355749735,0.2681157688086303,37,51,67
all,68音,と,45,20,0.4444444444444444,た,7,0.15555555555555556,0.28,0.07745423442616176,0.2878390899329196,25,52,67
all,68音,る,54,20,0.37037037037037035,う,8,0.14814814814814814,0.23529411764705882,0.07703063098186531,0.2660011539185682,34,53,67
all,68音,か,264,161,0.6098484848484849,く,39,0.14772727272727273,0.3786407766990291,0.10998624834974471,0.19557308971213141,103,54,67
all,68音,ね,54,22,0.4074074074074074,ん,7,0.12962962962962962,0.21875,0.06423720712333773,0.2442173032981712,32,55,67
all,68音,な,48,21,0.4375,ぬ/ん,6,0.125,0.2222222222222222,0.0585705140436488,0.2470045840177115,27,56,67
all,68音,お,51,36,0.7058823529411765,あ,6,0.11764705882352941,0.4,0.05505073645760554,0.23380844425063818,15,57,67
all,68音,う,60,31,0.5166666666666667,え,7,0.11666666666666667,0.2413793103448276,0.057677206086183624,0.22178788124005724,29,58,67
all,68音,つ,264,160,0.6060606060606061,す,30,0.11363636363636363,0.28846153846153844,0.08076798215320843,0.15758742088239758,104,59,67
all,68音,れ,60,32,0.5333333333333333,う,6,0.1,0.21428571428571427,0.04664283420129568,0.2014946482260861,28,60,67
all,68音,た,54,33,0.6111111111111112,つ,5,0.09259259259259259,0.23809523809523808,0.040201134502611466,0.19909882696104841,21,61,67
all,68音,て,51,26,0.5098039215686274,け,4,0.0784313725490196,0.16,0.030922196573573826,0.18499946420731028,25,62,67
all,68音,は,66,45,0.6818181818181818,つ/ふ,4,0.06060606060606061,0.19047619047619047,0.02381861466682568,0.14572908767172355,21,63,67
all,68音,え,45,41,0.9111111111111111,い,2,0.044444444444444446,0.5,0.012274126596112905,0.1482751088465432,4,64,67
all,68音,い,51,44,0.8627450980392157,え/ゆ/り,2,0.0392156862745098,0.2857142857142857,0.01082108325538797,0.13216305759813654,7,65,67
all,68音,こ,57,48,0.8421052631578947,か/く,2,0.03508771929824561,0.2222222222222222,0.009675664257795792,0.11920781463108138,9,66,67
all,68音,あ,264,216,0.8181818181818182,か,7,0.026515151515151516,0.14583333333333334,0.012902080235877036,0.05370993328814992,48,67,67
all,44音,す,69,13,0.18840579710144928,つ,48,0.6956521739130435,0.8571428571428571,0.5791642973664105,0.791503731729489,56,1,44
all,44音,ひ,39,4,0.10256410256410256,き,23,0.5897435897435898,0.6571428571428571,0.4341862276510412,0.7292069009395471,35,2,44
all,44音,ゆ,39,8,0.20512820512820512,い,23,0.5897435897435898,0.7419354838709677,0.4341862276510412,0.7292069009395471,31,2,44
all,44音,へ,57,5,0.08771929824561403,け,31,0.543859649122807,0.5961538461538461,0.4159068588247255,0.6662739450536823,52,4,44
all,44音,り,36,7,0.19444444444444445,い,18,0.5,0.6206896551724138,0.3447432529897015,0.6552567470102986,29,5,44
all,44音,し,264,62,0.23484848484848486,ち,119,0.45075757575757575,0.5891089108910891,0.391871099075764,0.5110565503307348,202,6,44
all,44音,よ,54,23,0.42592592592592593,い,22,0.4074074074074074,0.7096774193548387,0.28678212001394765,0.5403315075914297,31,7,44
all,44音,き,45,20,0.4444444444444444,ち,17,0.37777777777777777,0.68,0.251080845865547,0.523700656326385,25,8,44
all,44音,く,45,18,0.4,か,16,0.35555555555555557,0.5925925925925926,0.23219082522121015,0.5016418591874369,27,9,44
all,44音,ほ,66,14,0.21212121212121213,は,23,0.3484848484848485,0.4423076923076923,0.2447587399036189,0.46887839883381194,52,10,44
all,44音,も,60,15,0.25,ん,19,0.31666666666666665,0.4222222222222222,0.21305867482950364,0.4423376712830463,45,11,44
all,44音,の,45,16,0.35555555555555557,ん,14,0.3111111111111111,0.4827586206896552,0.195286991890479,0.4566480569515979,29,12,44
all,44音,そ,39,4,0.10256410256410256,つ,12,0.3076923076923077,0.34285714285714286,0.1856593223013319,0.46421254500455034,35,13,44
all,44音,ら,264,71,0.2689393939393939,な,77,0.2916666666666667,0.39896373056994816,0.24013854894363046,0.3491707370069415,193,14,44
all,44音,さ,42,14,0.3333333333333333,す,12,0.2857142857142857,0.42857142857142855,0.1716702455484269,0.43567209391310635,28,15,44
all,44音,に,66,33,0.5,い,16,0.24242424242424243,0.48484848484848486,0.15509184885760655,0.3580912869960259,33,16,44
all,44音,み,48,19,0.3958333333333333,う,11,0.22916666666666666,0.3793103448275862,0.13307826208858892,0.3653926420668379,29,17,44
all,44音,せ,57,19,0.3333333333333333,つ,13,0.22807017543859648,0.34210526315789475,0.13841890443359872,0.3520601115202729,38,18,44
all,44音,わ,45,25,0.5555555555555556,お,10,0.2222222222222222,0.5,0.12544685475248524,0.36269292295645134,20,19,44
all,44音,ふ,42,3,0.07142857142857142,た,9,0.21428571428571427,0.23076923076923078,0.11705799819621746,0.3593984544191604,39,20,44
all,44音,や,48,31,0.6458333333333334,い,10,0.20833333333333334,0.5882352941176471,0.11730272904178425,0.3425890138948294,17,21,44
all,44音,む,39,15,0.38461538461538464,う,8,0.20512820512820512,0.3333333333333333,0.10779718175750849,0.35533968144484407,24,22,44
all,44音,ろ,54,1,0.018518518518518517,あ,11,0.2037037037037037,0.20754716981132076,0.11774054035909727,0.32902306797810993,53,23,44
all,44音,め,42,15,0.35714285714285715,う/れ,8,0.19047619047619047,0.2962962962962963,0.09982008230706524,0.33300774135959404,27,24,44
all,44音,け,48,17,0.3541666666666667,つ,9,0.1875,0.2903225806451613,0.10191390905651461,0.31939867266128563,31,25,44
all,44音,ち,48,32,0.6666666666666666,つ,9,0.1875,0.5625,0.10191390905651461,0.31939867266128563,16,25,44
all,44音,ま,264,145,0.5492424242424242,ん,49,0.1856060606060606,0.4117647058823529,0.14333633294646123,0.2368940440334927,119,27,44
all,44音,ぬ,63,26,0.4126984126984127,う,10,0.15873015873015872,0.2702702702702703,0.08857092355749735,0.2681157688086303,37,28,44
all,44音,と,45,20,0.4444444444444444,た,7,0.15555555555555556,0.28,0.07745423442616176,0.2878390899329196,25,29,44
all,44音,る,54,20,0.37037037037037035,う,8,0.14814814814814814,0.23529411764705882,0.07703063098186531,0.2660011539185682,34,30,44
all,44音,か,264,161,0.6098484848484849,く,39,0.14772727272727273,0.3786407766990291,0.10998624834974471,0.19557308971213141,103,31,44
all,44音,ね,54,22,0.4074074074074074,ん,7,0.12962962962962962,0.21875,0.06423720712333773,0.2442173032981712,32,32,44
all,44音,な,48,21,0.4375,ぬ/ん,6,0.125,0.2222222222222222,0.0585705140436488,0.2470045840177115,27,33,44
all,44音,お,51,36,0.7058823529411765,あ,6,0.11764705882352941,0.4,0.05505073645760554,0.23380844425063818,15,34,44
all,44音,う,60,31,0.5166666666666667,え,7,0.11666666666666667,0.2413793103448276,0.057677206086183624,0.22178788124005724,29,35,44
all,44音,つ,264,160,0.6060606060606061,す,30,0.11363636363636363,0.28846153846153844,0.08076798215320843,0.15758742088239758,104,36,44
all,44音,れ,60,32,0.5333333333333333,う,6,0.1,0.21428571428571427,0.04664283420129568,0.2014946482260861,28,37,44
all,44音,た,54,33,0.6111111111111112,つ,5,0.09259259259259259,0.23809523809523808,0.040201134502611466,0.19909882696104841,21,38,44
all,44音,て,51,26,0.5098039215686274,け,4,0.0784313725490196,0.16,0.030922196573573826,0.18499946420731028,25,39,44
all,44音,は,66,45,0.6818181818181818,つ/ふ,4,0.06060606060606061,0.19047619047619047,0.02381861466682568,0.14572908767172355,21,40,44
all,44音,え,45,41,0.9111111111111111,い,2,0.044444444444444446,0.5,0.012274126596112905,0.1482751088465432,4,41,44
all,44音,い,51,44,0.8627450980392157,え/ゆ/り,2,0.0392156862745098,0.2857142857142857,0.01082108325538797,0.13216305759813654,7,42,44
all,44音,こ,57,48,0.8421052631578947,か/く,2,0.03508771929824561,0.2222222222222222,0.009675664257795792,0.11920781463108138,9,43,44
all,44音,あ,264,216,0.8181818181818182,か,7,0.026515151515151516,0.14583333333333334,0.012902080235877036,0.05370993328814992,48,44,44
short,68音,よ,23,1,0.043478260869565216,い,22,0.9565217391304348,1.0,0.7900884474454931,0.9922833339420488,22,1,67
short,68音,ゆ,21,0,0.0,い,18,0.8571428571428571,0.8571428571428571,0.653639395331373,0.9501898753920957,21,2,67
short,68音,す,26,1,0.038461538461538464,つ,21,0.8076923076923077,0.84,0.6212374271797887,0.9149293890487726,25,3,67
short,68音,ご,23,0,0.0,こ,16,0.6956521739130435,0.6956521739130435,0.4913424357121644,0.8439597563110678,23,4,67
short,68音,じ,30,0,0.0,ち,20,0.6666666666666666,0.6666666666666666,0.4878005150467802,0.8076950200327357,30,5,67
short,68音,ぼ,33,1,0.030303030303030304,ぽ,20,0.6060606060606061,0.625,0.43683440692015163,0.753168926621936,32,6,67
short,68音,ぺ,34,2,0.058823529411764705,て,20,0.5882352941176471,0.625,0.422215937544422,0.7363403173510689,32,7,67
short,68音,が,133,1,0.007518796992481203,か,77,0.5789473684210527,0.5833333333333334,0.4939783149491978,0.6594839484005124,132,8,67
short,68音,の,19,0,0.0,ん,11,0.5789473684210527,0.5789473684210527,0.362759033831258,0.7685810883382846,19,8,67
short,68音,り,21,3,0.14285714285714285,い,12,0.5714285714285714,0.6666666666666666,0.36546554224185784,0.7553003119028359,18,10,67
short,68音,や,18,4,0.2222222222222222,い,10,0.5555555555555556,0.7142857142857143,0.3371641549342691,0.7544048199620327,14,11,67
short,68音,ず,20,1,0.05,つ,11,0.55,0.5789473684210527,0.3420853410191274,0.7418021429623598,19,12,67
short,68音,べ,42,1,0.023809523809523808,え,23,0.5476190476190477,0.5609756097560976,0.39949118924719623,0.6877660686502409,41,13,67
short,68音,ざ,24,0,0.0,つ,13,0.5416666666666666,0.5416666666666666,0.35074865225073715,0.7210866638699854,24,14,67
short,68音,め,15,0,0.0,う,8,0.5333333333333333,0.5333333333333333,0.3011697987531101,0.751904647673791,15,15,67
short,68音,だ,32,1,0.03125,た,16,0.5,0.5161290322580645,0.33630882754048685,0.6636911724595131,31,16,67
short,68音,ま,98,2,0.02040816326530612,ん,48,0.4897959183673469,0.5,0.39309210272319056,0.5872695297399583,96,17,67
short,68音,ど,23,0,0.0,と,11,0.4782608695652174,0.4782608695652174,0.2923715729307258,0.6703726279555817,23,18,67
short,68音,で,21,0,0.0,て,10,0.47619047619047616,0.47619047619047616,0.28344005975415376,0.6763046555309483,21,19,67
short,68音,さ,13,0,0.0,つ,6,0.46153846153846156,0.46153846153846156,0.23206067674961361,0.7085620444143711,13,20,67
short,68音,ぎ,28,0,0.0,ち,12,0.42857142857142855,0.42857142857142855,0.2650854701640365,0.6092921450416022,28,21,67
short,68音,も,21,0,0.0,ん,9,0.42857142857142855,0.42857142857142855,0.2446996880971642,0.6345344577581422,21,21,67
short,68音,く,30,9,0.3,か,12,0.4,0.5714285714285714,0.24590628016444746,0.576796398787843,21,23,67
short,68音,わ,15,0,0.0,お,6,0.4,0.4,0.19824496026274246,0.6425317004565552,15,23,67
short,68音,そ,10,0,0.0,つ,4,0.4,0.4,0.1681803285264069,0.6873262320788047,10,23,67
short,68音,ち,18,7,0.3888888888888889,つ,7,0.3888888888888889,0.6363636363636364,0.2030524646285427,0.6138095855788537,11,26,67
short,68音,し,165,29,0.17575757575757575,ち,64,0.3878787878787879,0.47058823529411764,0.31688754044314477,0.46397196974378824,136,27,67
short,68音,き,29,10,0.3448275862068966,ち,11,0.3793103448275862,0.5789473684210527,0.22688022003638142,0.5599745593051456,19,28,67
short,68音,ば,27,2,0.07407407407407407,ぱ,10,0.37037037037037035,0.4,0.21532512863998593,0.5577076572946251,25,29,67
short,68音,ほ,28,1,0.03571428571428571,は,10,0.35714285714285715,0.37037037037037035,0.20705829414358318,0.5416969362676942,27,30,67
short,68音,ひ,14,0,0.0,き,5,0.35714285714285715,0.35714285714285715,0.16344731650094954,0.6123557707570447,14,30,67
short,68音,に,23,0,0.0,い,8,0.34782608695652173,0.34782608695652173,0.18811275843801456,0.5510966477661382,23,32,67
short,68音,へ,21,1,0.047619047619047616,け,7,0.3333333333333333,0.35,0.1719475251228901,0.5462654818728245,20,33,67
short,68音,む,15,0,0.0,う/ん,5,0.3333333333333333,0.3333333333333333,0.15176324343669478,0.582864524428801,15,33,67
short,68音,ぐ,37,0,0.0,く,12,0.32432432432432434,0.32432432432432434,0.19633266447139566,0.485363328862634,37,35,67
short,68音,と,19,6,0.3157894736842105,つ,6,0.3157894736842105,0.46153846153846156,0.15364378998470052,0.5398959249530334,13,36,67
short,68音,る,20,0,0.0,う/ん,6,0.3,0.3,0.14547724402157294,0.518972820052479,20,37,67
short,68音,け,27,1,0.037037037037037035,つ,8,0.2962962962962963,0.3076923076923077,0.1585304038944261,0.484806831145677,26,38,67
short,68音,げ,27,1,0.037037037037037035,き,8,0.2962962962962963,0.3076923076923077,0.1585304038944261,0.484806831145677,26,38,67
short,68音,ろ,27,0,0.0,ん,8,0.2962962962962963,0.2962962962962963,0.1585304038944261,0.484806831145677,27,38,67
short,68音,な,17,0,0.0,ん,5,0.29411764705882354,0.29411764705882354,0.1327998952626943,0.5313311024822815,17,41,67
short,68音,ぴ,38,3,0.07894736842105263,い,11,0.2894736842105263,0.3142857142857143,0.17003277754837018,0.4475713780478313,35,42,67
short,68音,せ,14,0,0.0,す,4,0.2857142857142857,0.2857142857142857,0.11721378562701742,0.5464908452599742,14,43,67
short,68音,み,18,0,0.0,ん,5,0.2777777777777778,0.2777777777777778,0.1249975330046966,0.5087265674100965,18,44,67
short,68音,ぞ,22,0,0.0,つ,6,0.2727272727272727,0.2727272727272727,0.13150760211464035,0.48151734179678934,22,45,67
short,68音,ぜ,19,0,0.0,つ,5,0.2631578947368421,0.2631578947368421,0.1180641227208778,0.4879155107704944,19,46,67
short,68音,ね,19,0,0.0,ん,5,0.2631578947368421,0.2631578947368421,0.1180641227208778,0.4879155107704944,19,46,67
short,68音,ら,99,3,0.030303030303030304,ん,25,0.25252525252525254,0.2604166666666667,0.1772937688882366,0.3462446898907478,96,48,67
short,68音,ふ,16,0,0.0,た,4,0.25,0.25,0.10182067420167085,0.4949831672970316,16,49,67
short,68音,ぶ,45,6,0.13333333333333333,う,11,0.24444444444444444,0.28205128205128205,0.14235479371782908,0.38673380177439254,39,50,67
short,68音,ぷ,33,8,0.24242424242424243,と,8,0.24242424242424243,0.32,0.1283171331191419,0.41024619970721604,25,51,67
short,68音,ぽ,33,6,0.18181818181818182,と,8,0.24242424242424243,0.2962962962962963,0.1283171331191419,0.41024619970721604,27,51,67
short,68音,ぱ,166,45,0.2710843373493976,た,38,0.2289156626506024,0.3140495867768595,0.17156509597780326,0.2985289517723284,121,53,67
short,68音,び,33,0,0.0,ん,7,0.21212121212121213,0.21212121212121213,0.10676021475084824,0.3775164513491988,33,54,67
short,68音,た,24,6,0.25,つ,5,0.20833333333333334,0.2777777777777778,0.0924482529436571,0.40470453421128416,18,55,67
short,68音,か,130,50,0.38461538461538464,く,27,0.2076923076923077,0.3375,0.14684755883750306,0.2853164310409665,80,56,67
short,68音,れ,32,8,0.25,う,6,0.1875,0.25,0.0888954463773112,0.35309155347561394,24,57,67
short,68音,ぬ,23,1,0.043478260869565216,う,4,0.17391304347826086,0.18181818181818182,0.0697865351446468,0.3713764781499663,22,58,67
short,68音,つ,134,67,0.5,ち,23,0.17164179104477612,0.34328358208955223,0.11718348538287614,0.24440191342096002,67,59,67
short,68音,は,25,10,0.4,つ,4,0.16,0.26666666666666666,0.06403451412098321,0.3465362177560826,15,60,67
short,68音,て,23,4,0.17391304347826086,つ,3,0.13043478260869565,0.15789473684210525,0.04537659058182972,0.32127482448539857,19,61,67
short,68音,お,31,20,0.6451612903225806,あ,3,0.0967741935483871,0.2727272727272727,0.033464643902175836,0.24899938594300403,11,62,67
short,68音,え,21,17,0.8095238095238095,い,2,0.09523809523809523,0.5,0.026518767198269788,0.2891413926484656,4,63,67
short,68音,う,37,16,0.43243243243243246,え/つ/る,3,0.08108108108108109,0.14285714285714285,0.02796057388250915,0.21300679483709983,21,64,67
short,68音,い,31,26,0.8387096774193549,り,2,0.06451612903225806,0.4,0.01787478336061983,0.2071863688721744,5,65,67
short,68音,こ,31,25,0.8064516129032258,く,2,0.06451612903225806,0.3333333333333333,0.01787478336061983,0.2071863688721744,6,65,67
short,68音,あ,134,91,0.6791044776119403,か,7,0.05223880597014925,0.16279069767441862,0.02553200191450873,0.10390263281799515,43,67,67
short,44音,よ,23,1,0.043478260869565216,い,22,0.9565217391304348,1.0,0.7900884474454931,0.9922833339420488,22,1,44
short,44音,ゆ,21,0,0.0,い,18,0.8571428571428571,0.8571428571428571,0.653639395331373,0.9501898753920957,21,2,44
short,44音,す,26,1,0.038461538461538464,つ,21,0.8076923076923077,0.84,0.6212374271797887,0.9149293890487726,25,3,44
short,44音,の,19,0,0.0,ん,11,0.5789473684210527,0.5789473684210527,0.362759033831258,0.7685810883382846,19,4,44
short,44音,り,21,3,0.14285714285714285,い,12,0.5714285714285714,0.6666666666666666,0.36546554224185784,0.7553003119028359,18,5,44
short,44音,や,18,4,0.2222222222222222,い,10,0.5555555555555556,0.7142857142857143,0.3371641549342691,0.7544048199620327,14,6,44
short,44音,め,15,0,0.0,う,8,0.5333333333333333,0.5333333333333333,0.3011697987531101,0.751904647673791,15,7,44
short,44音,ま,98,2,0.02040816326530612,ん,48,0.4897959183673469,0.5,0.39309210272319056,0.5872695297399583,96,8,44
short,44音,さ,13,0,0.0,つ,6,0.46153846153846156,0.46153846153846156,0.23206067674961361,0.7085620444143711,13,9,44
short,44音,も,21,0,0.0,ん,9,0.42857142857142855,0.42857142857142855,0.2446996880971642,0.6345344577581422,21,10,44
short,44音,く,30,9,0.3,か,12,0.4,0.5714285714285714,0.24590628016444746,0.576796398787843,21,11,44
short,44音,わ,15,0,0.0,お,6,0.4,0.4,0.19824496026274246,0.6425317004565552,15,11,44
short,44音,そ,10,0,0.0,つ,4,0.4,0.4,0.1681803285264069,0.6873262320788047,10,11,44
short,44音,ち,18,7,0.3888888888888889,つ,7,0.3888888888888889,0.6363636363636364,0.2030524646285427,0.6138095855788537,11,14,44
short,44音,し,165,29,0.17575757575757575,ち,64,0.3878787878787879,0.47058823529411764,0.31688754044314477,0.46397196974378824,136,15,44
short,44音,き,29,10,0.3448275862068966,ち,11,0.3793103448275862,0.5789473684210527,0.22688022003638142,0.5599745593051456,19,16,44
short,44音,ほ,28,1,0.03571428571428571,は,10,0.35714285714285715,0.37037037037037035,0.20705829414358318,0.5416969362676942,27,17,44
short,44音,ひ,14,0,0.0,き,5,0.35714285714285715,0.35714285714285715,0.16344731650094954,0.6123557707570447,14,17,44
short,44音,に,23,0,0.0,い,8,0.34782608695652173,0.34782608695652173,0.18811275843801456,0.5510966477661382,23,19,44
short,44音,へ,21,1,0.047619047619047616,け,7,0.3333333333333333,0.35,0.1719475251228901,0.5462654818728245,20,20,44
short,44音,む,15,0,0.0,う/ん,5,0.3333333333333333,0.3333333333333333,0.15176324343669478,0.582864524428801,15,20,44
short,44音,と,19,6,0.3157894736842105,つ,6,0.3157894736842105,0.46153846153846156,0.15364378998470052,0.5398959249530334,13,22,44
short,44音,る,20,0,0.0,う/ん,6,0.3,0.3,0.14547724402157294,0.518972820052479,20,23,44
short,44音,け,27,1,0.037037037037037035,つ,8,0.2962962962962963,0.3076923076923077,0.1585304038944261,0.484806831145677,26,24,44
short,44音,ろ,27,0,0.0,ん,8,0.2962962962962963,0.2962962962962963,0.1585304038944261,0.484806831145677,27,24,44
short,44音,な,17,0,0.0,ん,5,0.29411764705882354,0.29411764705882354,0.1327998952626943,0.5313311024822815,17,26,44
short,44音,せ,14,0,0.0,す,4,0.2857142857142857,0.2857142857142857,0.11721378562701742,0.5464908452599742,14,27,44
short,44音,み,18,0,0.0,ん,5,0.2777777777777778,0.2777777777777778,0.1249975330046966,0.5087265674100965,18,28,44
short,44音,ね,19,0,0.0,ん,5,0.2631578947368421,0.2631578947368421,0.1180641227208778,0.4879155107704944,19,29,44
short,44音,ら,99,3,0.030303030303030304,ん,25,0.25252525252525254,0.2604166666666667,0.1772937688882366,0.3462446898907478,96,30,44
short,44音,ふ,16,0,0.0,た,4,0.25,0.25,0.10182067420167085,0.4949831672970316,16,31,44
short,44音,た,24,6,0.25,つ,5,0.20833333333333334,0.2777777777777778,0.0924482529436571,0.40470453421128416,18,32,44
short,44音,か,130,50,0.38461538461538464,く,27,0.2076923076923077,0.3375,0.14684755883750306,0.2853164310409665,80,33,44
short,44音,れ,32,8,0.25,う,6,0.1875,0.25,0.0888954463773112,0.35309155347561394,24,34,44
short,44音,ぬ,23,1,0.043478260869565216,う,4,0.17391304347826086,0.18181818181818182,0.0697865351446468,0.3713764781499663,22,35,44
short,44音,つ,134,67,0.5,ち,23,0.17164179104477612,0.34328358208955223,0.11718348538287614,0.24440191342096002,67,36,44
short,44音,は,25,10,0.4,つ,4,0.16,0.26666666666666666,0.06403451412098321,0.3465362177560826,15,37,44
short,44音,て,23,4,0.17391304347826086,つ,3,0.13043478260869565,0.15789473684210525,0.04537659058182972,0.32127482448539857,19,38,44
short,44音,お,31,20,0.6451612903225806,あ,3,0.0967741935483871,0.2727272727272727,0.033464643902175836,0.24899938594300403,11,39,44
short,44音,え,21,17,0.8095238095238095,い,2,0.09523809523809523,0.5,0.026518767198269788,0.2891413926484656,4,40,44
short,44音,う,37,16,0.43243243243243246,え/つ/る,3,0.08108108108108109,0.14285714285714285,0.02796057388250915,0.21300679483709983,21,41,44
short,44音,い,31,26,0.8387096774193549,り,2,0.06451612903225806,0.4,0.01787478336061983,0.2071863688721744,5,42,44
short,44音,こ,31,25,0.8064516129032258,く,2,0.06451612903225806,0.3333333333333333,0.01787478336061983,0.2071863688721744,6,42,44
short,44音,あ,134,91,0.6791044776119403,か,7,0.05223880597014925,0.16279069767441862,0.02553200191450873,0.10390263281799515,43,44,44
long,68音,ぐ,26,0,0.0,く,24,0.9230769230769231,0.9230769230769231,0.7585844605936842,0.9786449117205875,26,1,67
long,68音,だ,22,0,0.0,た,20,0.9090909090909091,0.9090909090909091,0.721850529721749,0.9747045712376774,22,2,67
long,68音,が,98,1,0.01020408163265306,か,87,0.8877551020408163,0.8969072164948454,0.8101006655770652,0.9361573008232768,97,3,67
long,68音,じ,19,2,0.10526315789473684,ち,16,0.8421052631578947,0.9411764705882353,0.6243452453548595,0.9447952840464915,17,4,67
long,68音,ぺ,27,1,0.037037037037037035,て,22,0.8148148148148148,0.8461538461538461,0.6330131622138684,0.9181929290877906,26,5,67
long,68音,べ,30,2,0.06666666666666667,え,24,0.8,0.8571428571428571,0.6269430343619583,0.9049489287811706,28,6,67
long,68音,ず,26,1,0.038461538461538464,つ,18,0.6923076923076923,0.72,0.500117415261907,0.8349868448809437,25,7,67
long,68音,ひ,19,3,0.15789473684210525,き,13,0.6842105263157895,0.8125,0.46010407504696654,0.8463562100152995,16,8,67
long,68音,へ,30,3,0.1,け,20,0.6666666666666666,0.7407407407407407,0.4878005150467802,0.8076950200327357,27,9,67
long,68音,ぷ,9,2,0.2222222222222222,と,6,0.6666666666666666,0.8571428571428571,0.35420213352505864,0.8794161825659264,7,9,67
long,68音,ぎ,22,1,0.045454545454545456,き,14,0.6363636363636364,0.6666666666666666,0.4295170793613564,0.8026679542917857,21,11,67
long,68音,ご,20,5,0.25,こ,12,0.6,0.8,0.3865814992347542,0.7811934687282198,15,12,67
long,68音,す,36,11,0.3055555555555556,つ,21,0.5833333333333334,0.84,0.422002514538589,0.7285943804665977,25,13,67
long,68音,ば,21,2,0.09523809523809523,ぱ,12,0.5714285714285714,0.631578947368421,0.36546554224185784,0.7553003119028359,19,14,67
long,68音,し,64,18,0.28125,ち,36,0.5625,0.782608695652174,0.44086208863767085,0.6770599037828904,46,15,67
long,68音,ど,18,1,0.05555555555555555,と,10,0.5555555555555556,0.5882352941176471,0.3371641549342691,0.7544048199620327,17,16,67
long,68音,び,24,6,0.25,り,13,0.5416666666666666,0.7222222222222222,0.35074865225073715,0.7210866638699854,18,17,67
long,68音,ぞ,30,2,0.06666666666666667,そ,16,0.5333333333333333,0.5714285714285714,0.3614229949695976,0.6976761120463056,28,18,67
long,68音,ら,130,50,0.38461538461538464,な,63,0.4846153846153846,0.7875,0.4003882272761468,0.5697256669279833,80,19,67
long,68音,ぼ,25,1,0.04,ぽ,12,0.48,0.5,0.3003128583305077,0.6650148317799079,24,20,67
long,68音,で,16,4,0.25,て,7,0.4375,0.5833333333333334,0.23098652281405668,0.6682144375606189,12,21,67
long,68音,ぶ,15,5,0.3333333333333333,う,6,0.4,0.6,0.19824496026274246,0.6425317004565552,10,22,67
long,68音,ざ,33,9,0.2727272727272727,さ,13,0.3939393939393939,0.5416666666666666,0.24683107337806381,0.5631655930798483,24,23,67
long,68音,ぴ,13,1,0.07692307692307693,い/り,5,0.38461538461538464,0.4166666666666667,0.17709707685632237,0.6447710866356315,12,24,67
long,68音,り,13,3,0.23076923076923078,い/ぎ,5,0.38461538461538464,0.5,0.17709707685632237,0.6447710866356315,10,24,67
long,68音,ぱ,66,33,0.5,た,25,0.3787878787878788,0.7575757575757576,0.2714944691844008,0.49941524180554386,33,26,67
long,68音,く,8,5,0.625,か,3,0.375,1.0,0.13684428473912286,0.694257607346229,3,27,67
long,68音,ゆ,14,5,0.35714285714285715,い,5,0.35714285714285715,0.5555555555555556,0.16344731650094954,0.6123557707570447,9,28,67
long,68音,ほ,30,11,0.36666666666666664,は,10,0.3333333333333333,0.5263157894736842,0.19230497996726426,0.5121994849532198,19,29,67
long,68音,そ,24,4,0.16666666666666666,つ,8,0.3333333333333333,0.4,0.1797219023644938,0.5329368331526154,20,29,67
long,68音,き,12,8,0.6666666666666666,ち,4,0.3333333333333333,1.0,0.13812009012485987,0.6093779130595061,4,29,67
long,68音,さ,28,13,0.4642857142857143,す,9,0.32142857142857145,0.6,0.179332468369093,0.5066115696450038,15,32,67
long,68音,げ,19,7,0.3684210526315789,け,6,0.3157894736842105,0.5,0.15364378998470052,0.5398959249530334,12,33,67
long,68音,ぽ,23,9,0.391304347826087,と,7,0.30434782608695654,0.5,0.1560402436889323,0.5086575642878356,14,34,67
long,68音,も,33,14,0.42424242424242425,ん,10,0.30303030303030304,0.5263157894736842,0.17375531345237225,0.4733813528266073,19,35,67
long,68音,ろ,21,1,0.047619047619047616,あ,6,0.2857142857142857,0.3,0.1381386287176154,0.4995638088483033,20,36,67
long,68音,せ,37,13,0.35135135135135137,つ,10,0.2702702702702703,0.4166666666666667,0.15397461440966215,0.42978168456560734,24,37,67
long,68音,ぜ,15,7,0.4666666666666667,せ,4,0.26666666666666666,0.5,0.1089745324961737,0.5195043425155202,8,38,67
long,68音,ふ,19,3,0.15789473684210525,た,5,0.2631578947368421,0.3125,0.1180641227208778,0.4879155107704944,16,39,67
long,68音,め,19,10,0.5263157894736842,れ,5,0.2631578947368421,0.5555555555555556,0.1180641227208778,0.4879155107704944,9,39,67
long,68音,み,27,16,0.5925925925925926,う,7,0.25925925925925924,0.6363636363636364,0.13170374490590095,0.44678571468694817,11,41,67
long,68音,と,18,10,0.5555555555555556,た,4,0.2222222222222222,0.5,0.09000928045845544,0.45214584506003586,8,42,67
long,68音,な,24,14,0.5833333333333334,ぬ,5,0.20833333333333334,0.5,0.0924482529436571,0.40470453421128416,10,43,67
long,68音,に,31,24,0.7741935483870968,い,6,0.1935483870967742,0.8571428571428571,0.09187008308024841,0.3628025796020883,7,44,67
long,68音,ぬ,31,18,0.5806451612903226,う,6,0.1935483870967742,0.46153846153846156,0.09187008308024841,0.3628025796020883,13,44,67
long,68音,つ,99,66,0.6666666666666666,す,19,0.1919191919191919,0.5757575757575758,0.126450392789113,0.28040360691533694,33,46,67
long,68音,よ,28,20,0.7142857142857143,や,5,0.17857142857142858,0.625,0.07878501895759982,0.3559142494677742,8,47,67
long,68音,わ,24,19,0.7916666666666666,お,4,0.16666666666666666,0.8,0.06678676282131818,0.3585307082129004,5,48,67
long,68音,け,18,13,0.7222222222222222,き,3,0.16666666666666666,0.6,0.05836576760185505,0.39222038302033446,5,48,67
long,68音,お,12,10,0.8333333333333334,あ,2,0.16666666666666666,1.0,0.04696514175692082,0.4480308646118111,2,48,67
long,68音,の,20,11,0.55,な/ん,3,0.15,0.3333333333333333,0.05236874548672649,0.36041886664286427,9,51,67
long,68音,む,20,12,0.6,う,3,0.15,0.375,0.05236874548672649,0.36041886664286427,8,51,67
long,68音,う,15,10,0.6666666666666666,え,2,0.13333333333333333,0.4,0.03736125876428492,0.37881983053980567,5,53,67
long,68音,ね,24,15,0.625,れ,3,0.125,0.3333333333333333,0.04344334046194118,0.3100388144515548,9,54,67
long,68音,か,100,79,0.79,く,12,0.12,0.5714285714285714,0.06999406407369686,0.19812099499074032,21,55,67
long,68音,ち,25,20,0.8,し,3,0.12,0.6,0.04166817117905039,0.2995579409188468,5,55,67
long,68音,る,26,13,0.5,れ,3,0.11538461538461539,0.23076923076923078,0.040032445923591814,0.28975903379070655,13,57,67
long,68音,て,20,15,0.75,け/ぺ,2,0.1,0.4,0.02786648096169142,0.3010336471864123,5,58,67
long,68音,れ,23,21,0.9130434782608695,ね,2,0.08695652173913043,1.0,0.02418000426569175,0.2679598125741516,2,59,67
long,68音,い,15,13,0.8666666666666667,え/ゆ,1,0.06666666666666667,0.5,0.01186689536153232,0.2981653010887565,2,60,67
long,68音,は,33,28,0.8484848484848485,ふ,2,0.06060606060606061,0.4,0.016780882935808303,0.1960624495326847,5,61,67
long,68音,こ,21,18,0.8571428571428571,か/た/ぱ,1,0.047619047619047616,0.3333333333333333,0.00845598771610133,0.22669360270083821,3,62,67
long,68音,た,23,21,0.9130434782608695,と/ぱ,1,0.043478260869565216,0.5,0.007716666057951335,0.2099115525545071,2,63,67
long,68音,や,24,21,0.875,ね/よ/ら,1,0.041666666666666664,0.3333333333333333,0.007393456083597233,0.20241806658845338,3,64,67
long,68音,あ,99,95,0.9595959595959596,お,3,0.030303030303030304,0.75,0.01035863949788586,0.0853368026744722,4,65,67
long,68音,ま,133,115,0.8646616541353384,む,4,0.03007518796992481,0.2222222222222222,0.011756525832034535,0.07477762089588036,18,66,67
long,68音,え,17,17,1.0,,0,0.0,,0.0,0.18431813738065556,0,67,67
long,44音,ひ,19,3,0.15789473684210525,き,13,0.6842105263157895,0.8125,0.46010407504696654,0.8463562100152995,16,1,44
long,44音,へ,30,3,0.1,け,20,0.6666666666666666,0.7407407407407407,0.4878005150467802,0.8076950200327357,27,2,44
long,44音,す,36,11,0.3055555555555556,つ,21,0.5833333333333334,0.84,0.422002514538589,0.7285943804665977,25,3,44
long,44音,し,64,18,0.28125,ち,36,0.5625,0.782608695652174,0.44086208863767085,0.6770599037828904,46,4,44
long,44音,ら,130,50,0.38461538461538464,な,63,0.4846153846153846,0.7875,0.4003882272761468,0.5697256669279833,80,5,44
long,44音,り,13,3,0.23076923076923078,い/ぎ,5,0.38461538461538464,0.5,0.17709707685632237,0.6447710866356315,10,6,44
long,44音,く,8,5,0.625,か,3,0.375,1.0,0.13684428473912286,0.694257607346229,3,7,44
long,44音,ゆ,14,5,0.35714285714285715,い,5,0.35714285714285715,0.5555555555555556,0.16344731650094954,0.6123557707570447,9,8,44
long,44音,ほ,30,11,0.36666666666666664,は,10,0.3333333333333333,0.5263157894736842,0.19230497996726426,0.5121994849532198,19,9,44
long,44音,そ,24,4,0.16666666666666666,つ,8,0.3333333333333333,0.4,0.1797219023644938,0.5329368331526154,20,9,44
long,44音,き,12,8,0.6666666666666666,ち,4,0.3333333333333333,1.0,0.13812009012485987,0.6093779130595061,4,9,44
long,44音,さ,28,13,0.4642857142857143,す,9,0.32142857142857145,0.6,0.179332468369093,0.5066115696450038,15,12,44
long,44音,も,33,14,0.42424242424242425,ん,10,0.30303030303030304,0.5263157894736842,0.17375531345237225,0.4733813528266073,19,13,44
long,44音,ろ,21,1,0.047619047619047616,あ,6,0.2857142857142857,0.3,0.1381386287176154,0.4995638088483033,20,14,44
long,44音,せ,37,13,0.35135135135135137,つ,10,0.2702702702702703,0.4166666666666667,0.15397461440966215,0.42978168456560734,24,15,44
long,44音,ふ,19,3,0.15789473684210525,た,5,0.2631578947368421,0.3125,0.1180641227208778,0.4879155107704944,16,16,44
long,44音,め,19,10,0.5263157894736842,れ,5,0.2631578947368421,0.5555555555555556,0.1180641227208778,0.4879155107704944,9,16,44
long,44音,み,27,16,0.5925925925925926,う,7,0.25925925925925924,0.6363636363636364,0.13170374490590095,0.44678571468694817,11,18,44
long,44音,と,18,10,0.5555555555555556,た,4,0.2222222222222222,0.5,0.09000928045845544,0.45214584506003586,8,19,44
long,44音,な,24,14,0.5833333333333334,ぬ,5,0.20833333333333334,0.5,0.0924482529436571,0.40470453421128416,10,20,44
long,44音,に,31,24,0.7741935483870968,い,6,0.1935483870967742,0.8571428571428571,0.09187008308024841,0.3628025796020883,7,21,44
long,44音,ぬ,31,18,0.5806451612903226,う,6,0.1935483870967742,0.46153846153846156,0.09187008308024841,0.3628025796020883,13,21,44
long,44音,つ,99,66,0.6666666666666666,す,19,0.1919191919191919,0.5757575757575758,0.126450392789113,0.28040360691533694,33,23,44
long,44音,よ,28,20,0.7142857142857143,や,5,0.17857142857142858,0.625,0.07878501895759982,0.3559142494677742,8,24,44
long,44音,わ,24,19,0.7916666666666666,お,4,0.16666666666666666,0.8,0.06678676282131818,0.3585307082129004,5,25,44
long,44音,け,18,13,0.7222222222222222,き,3,0.16666666666666666,0.6,0.05836576760185505,0.39222038302033446,5,25,44
long,44音,お,12,10,0.8333333333333334,あ,2,0.16666666666666666,1.0,0.04696514175692082,0.4480308646118111,2,25,44
long,44音,の,20,11,0.55,な/ん,3,0.15,0.3333333333333333,0.05236874548672649,0.36041886664286427,9,28,44
long,44音,む,20,12,0.6,う,3,0.15,0.375,0.05236874548672649,0.36041886664286427,8,28,44
long,44音,う,15,10,0.6666666666666666,え,2,0.13333333333333333,0.4,0.03736125876428492,0.37881983053980567,5,30,44
long,44音,ね,24,15,0.625,れ,3,0.125,0.3333333333333333,0.04344334046194118,0.3100388144515548,9,31,44
long,44音,か,100,79,0.79,く,12,0.12,0.5714285714285714,0.06999406407369686,0.19812099499074032,21,32,44
long,44音,ち,25,20,0.8,し,3,0.12,0.6,0.04166817117905039,0.2995579409188468,5,32,44
long,44音,る,26,13,0.5,れ,3,0.11538461538461539,0.23076923076923078,0.040032445923591814,0.28975903379070655,13,34,44
long,44音,て,20,15,0.75,け/ぺ,2,0.1,0.4,0.02786648096169142,0.3010336471864123,5,35,44
long,44音,れ,23,21,0.9130434782608695,ね,2,0.08695652173913043,1.0,0.02418000426569175,0.2679598125741516,2,36,44
long,44音,い,15,13,0.8666666666666667,え/ゆ,1,0.06666666666666667,0.5,0.01186689536153232,0.2981653010887565,2,37,44
long,44音,は,33,28,0.8484848484848485,ふ,2,0.06060606060606061,0.4,0.016780882935808303,0.1960624495326847,5,38,44
long,44音,こ,21,18,0.8571428571428571,か/た/ぱ,1,0.047619047619047616,0.3333333333333333,0.00845598771610133,0.22669360270083821,3,39,44
long,44音,た,23,21,0.9130434782608695,と/ぱ,1,0.043478260869565216,0.5,0.007716666057951335,0.2099115525545071,2,40,44
long,44音,や,24,21,0.875,ね/よ/ら,1,0.041666666666666664,0.3333333333333333,0.007393456083597233,0.20241806658845338,3,41,44
long,44音,あ,99,95,0.9595959595959596,お,3,0.030303030303030304,0.75,0.01035863949788586,0.0853368026744722,4,42,44
long,44音,ま,133,115,0.8646616541353384,む,4,0.03007518796992481,0.2222222222222222,0.011756525832034535,0.07477762089588036,18,43,44
long,44音,え,17,17,1.0,,0,0.0,,0.0,0.18431813738065556,0,44,44
full,68音,ぐ,9,0,0.0,く,9,1.0,1.0,0.700854948272956,1.0,9,1,67
full,68音,じ,8,0,0.0,ち,7,0.875,0.875,0.5291118149439162,0.9775825088000281,8,2,67
full,68音,す,7,1,0.14285714285714285,つ,6,0.8571428571428571,1.0,0.486872167860775,0.9743203759421759,6,3,67
full,68音,が,33,1,0.030303030303030304,か,28,0.8484848484848485,0.875,0.6908012397478716,0.9334954276047027,32,4,67
full,68音,ひ,6,1,0.16666666666666666,き,5,0.8333333333333334,1.0,0.4364971749742326,0.969946630588185,5,5,67
full,68音,も,6,1,0.16666666666666666,ま,5,0.8333333333333334,1.0,0.4364971749742326,0.969946630588185,5,5,67
full,68音,べ,9,0,0.0,え,7,0.7777777777777778,0.7777777777777778,0.4525889666922117,0.9367748934594303,9,7,67
full,68音,ぽ,7,1,0.14285714285714285,ぱ,5,0.7142857142857143,0.8333333333333334,0.3589344495310541,0.9177810767507166,6,8,67
full,68音,だ,9,1,0.1111111111111111,た,6,0.6666666666666666,0.75,0.35420213352505864,0.8794161825659264,8,9,67
full,68音,ば,6,0,0.0,ぱ,4,0.6666666666666666,0.6666666666666666,0.29999331299474324,0.9032285897864654,6,9,67
full,68音,へ,6,1,0.16666666666666666,け,4,0.6666666666666666,0.8,0.29999331299474324,0.9032285897864654,5,9,67
full,68音,ぺ,8,0,0.0,て,5,0.625,0.625,0.30574239265377096,0.8631557152608771,8,12,67
full,68音,げ,5,1,0.2,け,3,0.6,0.75,0.23072427940911855,0.8823792268590028,4,13,67
full,68音,ず,5,0,0.0,つ,3,0.6,0.6,0.23072427940911855,0.8823792268590028,5,13,67
full,68音,そ,5,0,0.0,さ,3,0.6,0.6,0.23072427940911855,0.8823792268590028,5,13,67
full,68音,ぞ,5,1,0.2,そ,3,0.6,0.75,0.23072427940911855,0.8823792268590028,4,13,67
full,68音,ふ,7,0,0.0,て,4,0.5714285714285714,0.5714285714285714,0.25045836275303557,0.8417801460075546,7,17,67
full,68音,ぴ,9,0,0.0,り,5,0.5555555555555556,0.5555555555555556,0.26665129180087416,0.8112214802294544,9,18,67
full,68音,し,35,15,0.42857142857142855,ち,19,0.5428571428571428,0.95,0.3818972495098324,0.6953398081704248,20,19,67
full,68音,び,6,2,0.3333333333333333,り,3,0.5,0.75,0.18761630498040816,0.8123836950195918,4,20,67
full,68音,き,4,2,0.5,ち,2,0.5,1.0,0.15003898774401986,0.8499610122559802,2,20,67
full,68音,ぼ,2,0,0.0,ば/ぱ,1,0.5,0.5,0.09453120463920084,0.9054687953607992,2,20,67
full,68音,り,2,1,0.5,い,1,0.5,1.0,0.09453120463920084,0.9054687953607992,1,20,67
full,68音,ざ,12,6,0.5,さ,5,0.4166666666666667,0.8333333333333334,0.1932603124346072,0.6804886891575758,6,24,67
full,68音,ご,5,2,0.4,こ,2,0.4,0.6666666666666666,0.11762077314099711,0.7692757205908813,3,25,67
full,68音,ぜ,5,3,0.6,せ,2,0.4,1.0,0.11762077314099711,0.7692757205908813,2,25,67
full,68音,れ,5,3,0.6,ね,2,0.4,1.0,0.11762077314099711,0.7692757205908813,2,25,67
full,68音,で,8,5,0.625,て,3,0.375,1.0,0.13684428473912286,0.694257607346229,3,28,67
full,68音,ほ,8,2,0.25,は,3,0.375,0.5,0.13684428473912286,0.694257607346229,6,28,67
full,68音,め,8,5,0.625,れ,3,0.375,1.0,0.13684428473912286,0.694257607346229,3,28,67
full,68音,ぶ,12,3,0.25,う,4,0.3333333333333333,0.4444444444444444,0.13812009012485987,0.6093779130595061,9,31,67
full,68音,ろ,6,0,0.0,お/の,2,0.3333333333333333,0.3333333333333333,0.09677141021353453,0.7000066870052566,6,31,67
full,68音,よ,3,2,0.6666666666666666,や,1,0.3333333333333333,1.0,0.06149194402093078,0.7923404011921757,1,31,67
full,68音,ら,35,18,0.5142857142857142,な,11,0.3142857142857143,0.6470588235294118,0.18550844594159555,0.4797976374439563,17,34,67
full,68音,ど,10,0,0.0,た/と,3,0.3,0.3,0.10779126655639398,0.6032218546540291,10,35,67
full,68音,ぎ,7,1,0.14285714285714285,き/ち,2,0.2857142857142857,0.3333333333333333,0.08221892324928332,0.6410655504689458,6,36,67
full,68音,ね,11,7,0.6363636363636364,れ,3,0.2727272727272727,0.75,0.09746059213308628,0.5656453033189257,4,37,67
full,68音,う,8,5,0.625,え,2,0.25,0.6666666666666666,0.07147921209795555,0.5907245720727483,3,38,67
full,68音,と,8,4,0.5,た/ぱ,2,0.25,0.5,0.07147921209795555,0.5907245720727483,4,38,67
full,68音,む,4,3,0.75,ぬ,1,0.25,1.0,0.04558726029536886,0.6993581599030918,1,38,67
full,68音,ゆ,4,3,0.75,え,1,0.25,1.0,0.04558726029536886,0.6993581599030918,1,38,67
full,68音,ぱ,32,21,0.65625,た,6,0.1875,0.5454545454545454,0.0888954463773112,0.35309155347561394,11,42,67
full,68音,に,12,9,0.75,い,2,0.16666666666666666,0.6666666666666666,0.04696514175692082,0.4480308646118111,3,43,67
full,68音,ぷ,12,9,0.75,ぶ,2,0.16666666666666666,0.6666666666666666,0.04696514175692082,0.4480308646118111,3,43,67
full,68音,の,6,5,0.8333333333333334,な,1,0.16666666666666666,1.0,0.030053369411815023,0.5635028250257673,1,43,67
full,68音,く,7,4,0.5714285714285714,か/き/は,1,0.14285714285714285,0.3333333333333333,0.025679624057823897,0.5131278321392249,3,46,67
full,68音,た,7,6,0.8571428571428571,あ,1,0.14285714285714285,1.0,0.025679624057823897,0.5131278321392249,1,46,67
full,68音,お,8,6,0.75,あ/わ,1,0.125,0.5,0.022417491199971912,0.47088818505608376,2,48,67
full,68音,て,8,7,0.875,け,1,0.125,1.0,0.022417491199971912,0.47088818505608376,1,48,67
full,68音,は,8,7,0.875,か,1,0.125,1.0,0.022417491199971912,0.47088818505608376,1,48,67
full,68音,る,8,7,0.875,ぬ,1,0.125,1.0,0.022417491199971912,0.47088818505608376,1,48,67
full,68音,ぬ,9,7,0.7777777777777778,な/の,1,0.1111111111111111,0.5,0.01989088741690992,0.4349997083707909,2,52,67
full,68音,つ,31,27,0.8709677419354839,す,3,0.0967741935483871,0.75,0.033464643902175836,0.24899938594300403,4,53,67
full,68音,あ,31,30,0.967741935483871,ま,1,0.03225806451612903,1.0,0.005717221462126484,0.16194105315828217,1,54,67
full,68音,ま,33,28,0.8484848484848485,か/な/の/よ/ら,1,0.030303030303030304,0.2,0.005369410477441133,0.15318725526474106,5,55,67
full,68音,か,34,32,0.9411764705882353,あ/ぞ,1,0.029411764705882353,0.5,0.005210906218596753,0.14915573433878604,2,56,67
full,68音,い,5,5,1.0,,0,0.0,,0.0,0.43448246865939283,0,57,67
full,68音,え,7,7,1.0,,0,0.0,,0.0,0.35433043867586833,0,57,67
full,68音,け,3,3,1.0,,0,0.0,,0.0,0.5614970356393196,0,57,67
full,68音,こ,5,5,1.0,,0,0.0,,0.0,0.43448246865939283,0,57,67
full,68音,さ,1,1,1.0,,0,0.0,,0.0,0.7934506882081973,0,57,67
full,68音,せ,6,6,1.0,,0,0.0,,0.0,0.39033429165637346,0,57,67
full,68音,ち,5,5,1.0,,0,0.0,,0.0,0.43448246865939283,0,57,67
full,68音,な,7,7,1.0,,0,0.0,,0.0,0.35433043867586833,0,57,67
full,68音,み,3,3,1.0,,0,0.0,,0.0,0.5614970356393196,0,57,67
full,68音,や,6,6,1.0,,0,0.0,,0.0,0.39033429165637346,0,57,67
full,68音,わ,6,6,1.0,,0,0.0,,0.0,0.39033429165637346,0,57,67
full,44音,す,7,1,0.14285714285714285,つ,6,0.8571428571428571,1.0,0.486872167860775,0.9743203759421759,6,1,44
full,44音,ひ,6,1,0.16666666666666666,き,5,0.8333333333333334,1.0,0.4364971749742326,0.969946630588185,5,2,44
full,44音,も,6,1,0.16666666666666666,ま,5,0.8333333333333334,1.0,0.4364971749742326,0.969946630588185,5,2,44
full,44音,へ,6,1,0.16666666666666666,け,4,0.6666666666666666,0.8,0.29999331299474324,0.9032285897864654,5,4,44
full,44音,そ,5,0,0.0,さ,3,0.6,0.6,0.23072427940911855,0.8823792268590028,5,5,44
full,44音,ふ,7,0,0.0,て,4,0.5714285714285714,0.5714285714285714,0.25045836275303557,0.8417801460075546,7,6,44
full,44音,し,35,15,0.42857142857142855,ち,19,0.5428571428571428,0.95,0.3818972495098324,0.6953398081704248,20,7,44
full,44音,き,4,2,0.5,ち,2,0.5,1.0,0.15003898774401986,0.8499610122559802,2,8,44
full,44音,り,2,1,0.5,い,1,0.5,1.0,0.09453120463920084,0.9054687953607992,1,8,44
full,44音,れ,5,3,0.6,ね,2,0.4,1.0,0.11762077314099711,0.7692757205908813,2,10,44
full,44音,ほ,8,2,0.25,は,3,0.375,0.5,0.13684428473912286,0.694257607346229,6,11,44
full,44音,め,8,5,0.625,れ,3,0.375,1.0,0.13684428473912286,0.694257607346229,3,11,44
full,44音,ろ,6,0,0.0,お/の,2,0.3333333333333333,0.3333333333333333,0.09677141021353453,0.7000066870052566,6,13,44
full,44音,よ,3,2,0.6666666666666666,や,1,0.3333333333333333,1.0,0.06149194402093078,0.7923404011921757,1,13,44
full,44音,ら,35,18,0.5142857142857142,な,11,0.3142857142857143,0.6470588235294118,0.18550844594159555,0.4797976374439563,17,15,44
full,44音,ね,11,7,0.6363636363636364,れ,3,0.2727272727272727,0.75,0.09746059213308628,0.5656453033189257,4,16,44
full,44音,う,8,5,0.625,え,2,0.25,0.6666666666666666,0.07147921209795555,0.5907245720727483,3,17,44
full,44音,と,8,4,0.5,た/ぱ,2,0.25,0.5,0.07147921209795555,0.5907245720727483,4,17,44
full,44音,む,4,3,0.75,ぬ,1,0.25,1.0,0.04558726029536886,0.6993581599030918,1,17,44
full,44音,ゆ,4,3,0.75,え,1,0.25,1.0,0.04558726029536886,0.6993581599030918,1,17,44
full,44音,に,12,9,0.75,い,2,0.16666666666666666,0.6666666666666666,0.04696514175692082,0.4480308646118111,3,21,44
full,44音,の,6,5,0.8333333333333334,な,1,0.16666666666666666,1.0,0.030053369411815023,0.5635028250257673,1,21,44
full,44音,く,7,4,0.5714285714285714,か/き/は,1,0.14285714285714285,0.3333333333333333,0.025679624057823897,0.5131278321392249,3,23,44
full,44音,た,7,6,0.8571428571428571,あ,1,0.14285714285714285,1.0,0.025679624057823897,0.5131278321392249,1,23,44
full,44音,お,8,6,0.75,あ/わ,1,0.125,0.5,0.022417491199971912,0.47088818505608376,2,25,44
full,44音,て,8,7,0.875,け,1,0.125,1.0,0.022417491199971912,0.47088818505608376,1,25,44
full,44音,は,8,7,0.875,か,1,0.125,1.0,0.022417491199971912,0.47088818505608376,1,25,44
full,44音,る,8,7,0.875,ぬ,1,0.125,1.0,0.022417491199971912,0.47088818505608376,1,25,44
full,44音,ぬ,9,7,0.7777777777777778,な/の,1,0.1111111111111111,0.5,0.01989088741690992,0.4349997083707909,2,29,44
full,44音,つ,31,27,0.8709677419354839,す,3,0.0967741935483871,0.75,0.033464643902175836,0.24899938594300403,4,30,44
full,44音,あ,31,30,0.967741935483871,ま,1,0.03225806451612903,1.0,0.005717221462126484,0.16194105315828217,1,31,44
full,44音,ま,33,28,0.8484848484848485,か/な/の/よ/ら,1,0.030303030303030304,0.2,0.005369410477441133,0.15318725526474106,5,32,44
full,44音,か,34,32,0.9411764705882353,あ/ぞ,1,0.029411764705882353,0.5,0.005210906218596753,0.14915573433878604,2,33,44
full,44音,い,5,5,1.0,,0,0.0,,0.0,0.43448246865939283,0,34,44
full,44音,え,7,7,1.0,,0,0.0,,0.0,0.35433043867586833,0,34,44
full,44音,け,3,3,1.0,,0,0.0,,0.0,0.5614970356393196,0,34,44
full,44音,こ,5,5,1.0,,0,0.0,,0.0,0.43448246865939283,0,34,44
full,44音,さ,1,1,1.0,,0,0.0,,0.0,0.7934506882081973,0,34,44
full,44音,せ,6,6,1.0,,0,0.0,,0.0,0.39033429165637346,0,34,44
full,44音,ち,5,5,1.0,,0,0.0,,0.0,0.43448246865939283,0,34,44
full,44音,な,7,7,1.0,,0,0.0,,0.0,0.35433043867586833,0,34,44
full,44音,み,3,3,1.0,,0,0.0,,0.0,0.5614970356393196,0,34,44
full,44音,や,6,6,1.0,,0,0.0,,0.0,0.39033429165637346,0,34,44
full,44音,わ,6,6,1.0,,0,0.0,,0.0,0.39033429165637346,0,34,44
