char,is_focus,in_jomo44,is_jomo_ref,n_trials,n_levels,n_full,x0,b1,b1_lo,b1_hi,lo_at_bound,hi_at_bound,at_cap,curve_weak,lam,b1_shrunk,x0_shrunk,post_sd_logb1,converged,note,x0_lam_fixed,b1_lam_fixed,b1_lo_lam_fixed,b1_hi_lam_fixed,lam_lam_fixed,note_lam_fixed
あ,True,True,False,233,7,0,18.776,1,0.40665,1,False,True,True,False,0.97576,0.61197,18.068,0.32325,True,β1が上限1.0(階段状: 打ち切り間隔より急で、設計の分解能を超える),17.38,0.13456,0.095566,0.18093,1,
い,False,True,False,46,7,0,7.5661,0.22072,0.016515,1,False,True,False,False,0.92744,0.22209,7.602,0.47846,True,,-29.404,0.029794,0.012501,0.095296,1,
う,False,True,False,52,7,0,17.037,0.21313,0.035169,0.70456,False,False,False,False,0.70748,0.21668,17.019,0.44392,True,,28.553,0.055617,0.016042,0.10148,1,
え,False,True,False,38,7,0,18.398,1,0.2038,1,False,True,True,False,1,0.43993,16.416,0.48304,True,β1が上限1.0(階段状: 打ち切り間隔より急で、設計の分解能を超える),18.398,1,0.2038,1,1,β1が上限1.0(階段状: 打ち切り間隔より急で、設計の分解能を超える)
お,False,True,False,43,7,0,13.883,1,0.2142,1,False,True,True,False,0.80794,0.50058,13.505,0.593,True,β1が上限1.0(階段状: 打ち切り間隔より急で、設計の分解能を超える),12.893,0.055954,0.0085083,0.1181,1,
か,True,True,False,230,7,0,33.246,0.059497,0.042726,0.079187,False,False,False,False,1,0.062312,33.27,0.14407,True,,33.246,0.059497,0.042726,0.078672,1,
が,True,False,False,231,7,0,80.754,1,0.001,1,True,True,True,True,0.031487,0.23121,78.521,0.75723,True,β1が上限1.0(階段状: 打ち切り間隔より急で、設計の分解能を超える);λが低い(0.03): 全長でも当たらない字,89.07,1,0.016617,1,1,β1が上限1.0(階段状: 打ち切り間隔より急で、設計の分解能を超える)
き,False,True,False,41,7,0,34.073,0.051865,0.0091917,0.74172,False,False,False,False,0.85833,0.075163,32.308,0.38582,True,,42.576,0.041561,0.0090068,0.080165,1,
ぎ,False,False,False,50,7,0,79.892,1,0.001,1,True,True,True,False,0.3031,0.23746,79.887,0.71679,True,,82.037,0.83555,0.012305,1,1,
く,False,True,False,38,7,0,22.414,0.10695,0.0016738,1,False,True,False,False,0.60115,0.14543,21.73,0.50126,True,,45.764,0.039081,0.0010474,0.086766,1,
ぐ,False,False,False,63,7,0,300,0.26616,0.001,1,True,True,False,True,0.024706,0.22444,300,0.78595,True,x0が探索範囲の端;λが低い(0.02): 全長でも当たらない字,300,1,0.013591,1,1,x0が探索範囲の端;β1が上限1.0(階段状: 打ち切り間隔より急で、設計の分解能を超える)
け,False,True,False,45,7,0,53.966,0.18882,0.074878,1,False,True,False,False,1,0.19738,53.922,0.39841,True,,53.966,0.18882,0.074878,1,1,
げ,False,False,False,46,7,0,47.145,0.14721,0.02612,1,False,True,False,False,0.43887,0.17789,45.305,0.55925,True,,84.186,0.05219,0.017822,0.099818,1,
こ,False,True,False,52,7,0,6.0718,0.37253,0.010965,1,False,True,False,False,0.85797,0.23816,3.7272,0.71579,True,,-50,0.017153,0.0095187,0.042553,1,x0が探索範囲の端
ご,False,False,False,43,7,0,50.252,1,0.02574,1,False,True,True,False,0.30769,0.25047,51.354,0.68068,True,β1が上限1.0(階段状: 打ち切り間隔より急で、設計の分解能を超える),100.36,0.04897,0.0086881,0.10821,1,
さ,False,True,False,41,7,0,107.1,1,0.10802,1,False,True,True,False,1,0.30767,106.02,0.57085,True,β1が上限1.0(階段状: 打ち切り間隔より急で、設計の分解能を超える),107.12,1,0.10802,1,1,β1が上限1.0(階段状: 打ち切り間隔より急で、設計の分解能を超える)
ざ,False,False,False,57,7,0,60.578,1,0.031368,1,False,True,True,False,0.4375,0.23534,62.744,0.74494,True,β1が上限1.0(階段状: 打ち切り間隔より急で、設計の分解能を超える),101.39,0.055733,0.024691,0.10105,1,
し,True,True,False,229,7,0,23.881,0.17413,0.051814,1,False,True,False,False,0.28162,0.18789,23.888,0.44118,True,,89.288,0.027224,0.0054536,0.050441,1,
じ,False,False,False,49,7,0,60.889,1,0.010499,1,False,True,True,True,0.16667,0.2567,62.958,0.70038,True,β1が上限1.0(階段状: 打ち切り間隔より急で、設計の分解能を超える),112.74,0.067243,0.0099666,0.60401,1,
す,False,True,False,62,7,0,45.045,1,0.016474,1,False,True,True,False,0.30556,0.43293,44.787,0.77284,True,β1が上限1.0(階段状: 打ち切り間隔より急で、設計の分解能を超える),108.85,0.029624,0.0048506,0.063773,1,
ず,False,False,False,46,7,0,95.689,1,0.001,1,True,True,True,True,0.11241,0.2332,91.415,0.74708,True,β1が上限1.0(階段状: 打ち切り間隔より急で、設計の分解能を超える);λが低い(0.11): 全長でも当たらない字,102.22,0.99988,0.0087334,1,1,
せ,False,True,False,51,7,0,86.175,1,0.081421,1,False,True,True,False,0.8,0.26009,89.72,0.63116,True,β1が上限1.0(階段状: 打ち切り間隔より急で、設計の分解能を超える),105.88,0.07716,0.042191,0.13177,1,
ぜ,False,False,False,34,7,0,53.651,1,0.033683,1,False,True,True,False,0.5,0.25819,51.376,0.68195,True,β1が上限1.0(階段状: 打ち切り間隔より急で、設計の分解能を超える),74.733,0.079076,0.030644,0.16063,1,
そ,False,True,False,34,7,0,121.1,0.99194,0.035564,1,False,True,False,False,0.75,0.22913,124.79,0.749,True,,137.86,0.099658,0.033788,1,1,
ぞ,False,False,False,52,7,0,80.896,0.99027,0.0084285,1,False,True,False,False,0.25,0.22846,83.938,0.75733,True,,110.97,0.09359,0.011446,1,1,
た,False,True,False,47,7,0,32.506,0.27565,0.091521,1,False,True,False,False,0.92701,0.25579,32.533,0.45806,True,,36.08,0.12632,0.066956,0.21434,1,
だ,False,False,False,54,7,0,34.329,1,0.001,1,True,True,True,True,0.031157,0.23908,30.648,0.77364,True,β1が上限1.0(階段状: 打ち切り間隔より急で、設計の分解能を超える);λが低い(0.03): 全長でも当たらない字,300,1,0.010482,1,1,x0が探索範囲の端;β1が上限1.0(階段状: 打ち切り間隔より急で、設計の分解能を超える)
ち,False,True,False,43,7,0,33.914,0.058492,0.025124,0.10723,False,False,False,False,1,0.070963,34.551,0.28386,True,,33.914,0.058492,0.025124,0.1059,1,
つ,True,True,False,233,7,0,4.0128,0.060097,0.0052556,1,False,True,False,False,0.67411,0.090911,8.3049,0.44562,True,,23.373,0.014368,0.0033667,0.025685,1,
て,False,True,False,43,7,0,32.416,0.1819,0.071234,0.76385,False,False,False,False,0.76559,0.19092,32.278,0.37841,True,,46.179,0.05184,0.019455,0.092145,1,
で,False,False,False,37,7,0,45.818,1,0.028868,1,False,True,True,False,0.375,0.26168,48.472,0.67311,True,β1が上限1.0(階段状: 打ち切り間隔より急で、設計の分解能を超える),85.953,0.064236,0.012099,0.16144,1,
と,False,True,False,37,7,0,24.579,0.21619,0.011824,1,False,True,False,False,0.60304,0.21977,24.563,0.51876,True,,51.868,0.031154,0.001,0.067152,1,
ど,False,False,False,41,7,0,74.555,0.98578,0.015967,1,False,True,False,False,0.53882,0.25842,74.034,0.64404,True,,75.738,1,0.015967,1,1,β1が上限1.0(階段状: 打ち切り間隔より急で、設計の分解能を超える)
な,False,True,False,41,7,0,58.123,0.21138,0.076249,1,False,True,False,False,0.79088,0.21729,57.941,0.54621,True,,76.056,0.051521,0.024941,0.089787,1,
に,False,True,False,54,7,0,49.246,1,0.068636,1,False,True,True,False,0.83333,0.3018,47.906,0.5636,True,β1が上限1.0(階段状: 打ち切り間隔より急で、設計の分解能を超える),58.833,0.092057,0.052656,0.14901,1,
ぬ,False,True,False,54,7,0,53.335,0.17335,0.07119,1,False,True,False,False,0.86748,0.18561,53.166,0.40866,True,,62.514,0.074687,0.040884,0.1241,1,
ね,False,True,False,43,7,0,68.711,1,0.079414,1,False,True,True,False,0.88889,0.27518,65.538,0.57435,True,β1が上限1.0(階段状: 打ち切り間隔より急で、設計の分解能を超える),67.918,0.12994,0.063134,0.2696,1,
の,False,True,False,39,7,0,63.121,0.81215,0.068407,1,False,True,False,False,0.72727,0.26869,60.148,0.60198,True,,75.234,0.070803,0.034366,0.13005,1,
は,False,True,False,58,7,0,34.187,0.058754,0.028956,1,False,True,False,False,1,0.068166,35.175,0.25047,True,,34.187,0.058754,0.028956,0.097923,1,
ば,False,False,False,48,7,0,20.621,1,0.001,1,True,True,True,True,0.11783,0.28523,21.264,0.72044,True,β1が上限1.0(階段状: 打ち切り間隔より急で、設計の分解能を超える),138.2,0.026699,0.0062388,0.12714,1,
ぱ,True,False,False,232,7,0,15.499,1,0.1776,1,False,True,True,False,0.43649,0.46554,16.615,0.74455,True,β1が上限1.0(階段状: 打ち切り間隔より急で、設計の分解能を超える),58.148,0.033057,0.018328,0.048259,1,
ひ,False,True,False,33,7,0,54.686,1,0.0087028,1,False,True,True,True,0.19973,0.31075,53.513,0.74318,True,β1が上限1.0(階段状: 打ち切り間隔より急で、設計の分解能を超える),128.29,0.036225,0.006033,0.13804,1,
び,False,False,True,57,7,0,45.107,1,0.074574,1,False,True,True,False,0.25058,0.30273,45.237,0.61434,True,β1が上限1.0(階段状: 打ち切り間隔より急で、設計の分解能を超える),108.44,0.037987,0.0069979,0.081685,1,
ぴ,False,False,False,51,7,0,11.707,1,0.001,1,True,True,True,True,0.089042,0.22444,-50,0.78595,True,β1が上限1.0(階段状: 打ち切り間隔より急で、設計の分解能を超える);λが低い(0.09): 全長でも当たらない字,300,0.0099936,0.0061663,0.81022,1,x0が探索範囲の端
ふ,False,True,False,35,7,0,57.653,1,0.080189,1,False,True,True,False,0.33336,0.34381,57.957,0.60368,True,β1が上限1.0(階段状: 打ち切り間隔より急で、設計の分解能を超える),88.161,0.071523,0.0075681,0.17919,1,
ぶ,False,False,True,60,7,0,72.608,0.039853,0.001,0.81317,True,False,False,False,1,0.061039,60.776,0.33476,True,,72.607,0.039853,0.0043457,0.090872,1,
ぷ,False,False,False,42,7,0,20.195,1,0.089132,1,False,True,True,False,0.31292,0.38571,20.21,0.63621,True,β1が上限1.0(階段状: 打ち切り間隔より急で、設計の分解能を超える),77.239,0.028031,0.0023317,0.081366,1,
へ,False,True,False,51,7,0,35.431,1,0.001,1,True,True,True,True,0.1082,0.24883,36.197,0.82105,True,β1が上限1.0(階段状: 打ち切り間隔より急で、設計の分解能を超える);λが低い(0.11): 全長でも当たらない字,153.92,0.028134,0.0070269,0.1322,1,
べ,False,False,False,72,7,0,20.113,1,0.001,1,True,True,True,True,0.059972,0.24907,22.129,0.81095,True,β1が上限1.0(階段状: 打ち切り間隔より急で、設計の分解能を超える);λが低い(0.06): 全長でも当たらない字,288.9,0.014207,0.0087677,1,1,
ぺ,False,False,False,61,7,0,20.058,1,0.001,1,True,True,True,True,0.06668,0.27207,19.699,0.73903,True,β1が上限1.0(階段状: 打ち切り間隔より急で、設計の分解能を超える);λが低い(0.07): 全長でも当たらない字,300,0.012682,0.0079778,1,1,x0が探索範囲の端
ほ,False,True,False,58,7,0,45.213,1,0.061681,1,False,True,True,False,0.36638,0.43722,45.322,0.74433,True,β1が上限1.0(階段状: 打ち切り間隔より急で、設計の分解能を超える),99.295,0.031967,0.004903,0.065709,1,
ぼ,False,False,False,58,7,0,29.663,1,0.001,1,True,True,True,True,0.057124,0.25544,29.426,0.77179,True,β1が上限1.0(階段状: 打ち切り間隔より急で、設計の分解能を超える);λが低い(0.06): 全長でも当たらない字,134.51,0.047428,0.0093223,1,1,
ぽ,False,False,False,56,7,0,26.353,1,0.10976,1,False,True,True,False,0.38572,0.35259,27.106,0.61794,True,β1が上限1.0(階段状: 打ち切り間隔より急で、設計の分解能を超える),105.9,0.017367,0.0023785,0.041255,1,
ま,True,True,False,231,7,0,46.084,0.34023,0.17801,1,False,True,False,False,0.9111,0.31735,45.933,0.30895,True,,50.956,0.10128,0.077402,0.13018,1,
み,False,True,False,45,7,0,58.585,1,0.14045,1,False,True,True,False,0.92857,0.35102,56.727,0.49959,True,β1が上限1.0(階段状: 打ち切り間隔より急で、設計の分解能を超える),66.435,0.088001,0.047051,0.1601,1,
む,False,True,False,35,7,0,67.603,0.078221,0.038342,1,False,True,False,False,1,0.090996,66.562,0.29227,True,,67.603,0.078221,0.038342,0.14392,1,
め,False,True,False,34,7,0,64.337,1,0.078063,1,False,True,True,False,0.75,0.25741,62.498,0.61879,True,β1が上限1.0(階段状: 打ち切り間隔より急で、設計の分解能を超える),80.275,0.048256,0.018754,0.090719,1,
も,False,True,False,54,7,0,58.275,1,0.18231,1,False,True,True,False,0.63652,0.4153,59.008,0.5051,True,β1が上限1.0(階段状: 打ち切り間隔より急で、設計の分解能を超える),99.193,0.033227,0.014709,0.055595,1,
や,False,True,False,42,7,0,43.81,0.13098,0.046349,1,False,True,False,False,0.94021,0.14904,43.496,0.38991,True,,48.539,0.071143,0.035675,0.12655,1,
ゆ,False,True,False,35,7,0,48.293,1,0.066579,1,False,True,True,False,0.35716,0.30307,49.929,0.64777,True,β1が上限1.0(階段状: 打ち切り間隔より急で、設計の分解能を超える),101.31,0.042668,0.0059922,0.097375,1,
よ,False,True,False,51,7,0,67.561,0.12297,0.062358,0.48847,False,False,False,False,1,0.13913,67.277,0.37363,True,,67.561,0.12297,0.062358,0.48847,1,
ら,True,True,False,229,7,0,45.896,0.1927,0.094366,1,False,True,False,False,0.41863,0.19853,45.834,0.34968,True,,105.98,0.028286,0.017647,0.039787,1,
り,False,True,False,34,7,0,99.517,0.030417,0.001,1,True,True,False,False,1,0.057954,80.863,0.42551,True,,99.517,0.030417,0.0037685,0.093392,1,
る,False,True,False,46,7,0,46.048,1,0.042493,1,False,True,True,False,0.6,0.28164,49.332,0.62458,True,β1が上限1.0(階段状: 打ち切り間隔より急で、設計の分解能を超える),81.624,0.056393,0.028041,0.095276,1,
れ,False,True,False,55,7,0,41.145,0.11583,0.062404,0.48439,False,False,False,False,1,0.12691,41.024,0.29487,True,,41.145,0.11583,0.062404,0.21885,1,
ろ,False,True,False,48,7,0,81.912,0.98799,0.001,1,True,True,False,False,0.85428,0.23754,88.112,0.73374,True,,82.071,1,0.011607,1,1,β1が上限1.0(階段状: 打ち切り間隔より急で、設計の分解能を超える)
わ,False,True,False,39,7,0,50.651,1,0.14294,1,False,True,True,False,0.94444,0.34124,51.913,0.50527,True,β1が上限1.0(階段状: 打ち切り間隔より急で、設計の分解能を超える),56.152,0.1203,0.056559,0.22907,1,
