target_char,gate_ms,n,k,is_full,acc
あ,10.0,35,0,False,0.0
あ,20.0,33,25,False,0.7575757575757576
あ,30.0,31,31,False,1.0
あ,35.0,35,35,False,1.0
あ,50.0,32,30,False,0.9375
あ,65.0,33,33,False,1.0
あ,90.0,34,32,False,0.9411764705882353
い,10.0,7,5,False,0.7142857142857143
い,15.0,5,2,False,0.4
い,20.0,8,8,False,1.0
い,25.0,6,6,False,1.0
い,35.0,5,5,False,1.0
い,45.0,9,8,False,0.8888888888888888
い,60.0,6,5,False,0.8333333333333334
う,10.0,11,2,False,0.18181818181818182
う,15.0,4,0,False,0.0
う,20.0,8,5,False,0.625
う,25.0,8,4,False,0.5
う,35.0,6,5,False,0.8333333333333334
う,45.0,11,7,False,0.6363636363636364
う,60.0,4,3,False,0.75
え,10.0,3,0,False,0.0
え,20.0,6,5,False,0.8333333333333334
え,25.0,7,7,False,1.0
え,35.0,5,5,False,1.0
え,45.0,6,6,False,1.0
え,60.0,5,5,False,1.0
え,85.0,6,6,False,1.0
お,10.0,4,0,False,0.0
お,15.0,8,5,False,0.625
お,20.0,6,5,False,0.8333333333333334
お,25.0,6,5,False,0.8333333333333334
お,35.0,7,5,False,0.7142857142857143
お,45.0,6,4,False,0.6666666666666666
お,60.0,6,6,False,1.0
か,10.0,31,4,False,0.12903225806451613
か,20.0,35,13,False,0.37142857142857144
か,25.0,33,17,False,0.5151515151515151
か,35.0,31,16,False,0.5161290322580645
か,45.0,35,21,False,0.6
か,60.0,32,25,False,0.78125
か,85.0,33,33,False,1.0
が,10.0,34,0,False,0.0
が,20.0,31,0,False,0.0
が,25.0,35,0,False,0.0
が,35.0,33,1,False,0.030303030303030304
が,45.0,31,0,False,0.0
が,60.0,35,0,False,0.0
が,85.0,32,1,False,0.03125
き,10.0,6,1,False,0.16666666666666666
き,15.0,7,2,False,0.2857142857142857
き,25.0,4,2,False,0.5
き,30.0,6,1,False,0.16666666666666666
き,40.0,6,4,False,0.6666666666666666
き,50.0,4,2,False,0.5
き,70.0,8,6,False,0.75
ぎ,10.0,7,0,False,0.0
ぎ,20.0,10,0,False,0.0
ぎ,25.0,5,0,False,0.0
ぎ,35.0,6,0,False,0.0
ぎ,45.0,9,0,False,0.0
ぎ,60.0,7,0,False,0.0
ぎ,80.0,6,1,False,0.16666666666666666
く,10.0,3,1,False,0.3333333333333333
く,15.0,10,1,False,0.1
く,20.0,2,1,False,0.5
く,25.0,6,2,False,0.3333333333333333
く,35.0,9,4,False,0.4444444444444444
く,45.0,2,2,False,1.0
く,60.0,6,3,False,0.5
ぐ,10.0,9,0,False,0.0
ぐ,20.0,9,0,False,0.0
ぐ,25.0,10,0,False,0.0
ぐ,35.0,9,0,False,0.0
ぐ,50.0,10,0,False,0.0
ぐ,60.0,8,0,False,0.0
ぐ,85.0,8,0,False,0.0
け,10.0,8,1,False,0.125
け,20.0,5,0,False,0.0
け,25.0,6,0,False,0.0
け,35.0,8,0,False,0.0
け,45.0,2,1,False,0.5
け,55.0,8,4,False,0.5
け,80.0,8,8,False,1.0
げ,10.0,5,0,False,0.0
げ,20.0,7,0,False,0.0
げ,25.0,8,0,False,0.0
げ,35.0,7,1,False,0.14285714285714285
げ,50.0,5,1,False,0.2
げ,60.0,5,2,False,0.4
げ,85.0,9,4,False,0.4444444444444444
こ,10.0,10,7,False,0.7
こ,20.0,5,4,False,0.8
こ,25.0,8,8,False,1.0
こ,35.0,8,6,False,0.75
こ,45.0,4,4,False,1.0
こ,60.0,9,7,False,0.7777777777777778
こ,85.0,8,7,False,0.875
ご,10.0,5,0,False,0.0
ご,20.0,8,0,False,0.0
ご,30.0,4,0,False,0.0
ご,35.0,6,0,False,0.0
ご,50.0,7,1,False,0.14285714285714285
ご,65.0,6,2,False,0.3333333333333333
ご,90.0,7,2,False,0.2857142857142857
さ,10.0,9,0,False,0.0
さ,40.0,4,0,False,0.0
さ,60.0,4,0,False,0.0
さ,75.0,9,0,False,0.0
さ,95.0,2,0,False,0.0
さ,120.0,5,5,False,1.0
さ,150.0,8,8,False,1.0
ざ,10.0,5,0,False,0.0
ざ,25.0,9,0,False,0.0
ざ,35.0,10,0,False,0.0
ざ,45.0,5,0,False,0.0
ざ,60.0,12,2,False,0.16666666666666666
ざ,80.0,6,2,False,0.3333333333333333
ざ,105.0,10,5,False,0.5
し,10.0,32,2,False,0.0625
し,20.0,33,2,False,0.06060606060606061
し,30.0,34,9,False,0.2647058823529412
し,35.0,31,7,False,0.22580645161290322
し,40.0,35,9,False,0.2571428571428571
し,50.0,33,14,False,0.42424242424242425
し,60.0,31,4,False,0.12903225806451613
じ,10.0,9,0,False,0.0
じ,25.0,7,0,False,0.0
じ,30.0,5,0,False,0.0
じ,40.0,9,0,False,0.0
じ,50.0,7,0,False,0.0
じ,70.0,5,1,False,0.2
じ,90.0,7,1,False,0.14285714285714285
す,10.0,8,0,False,0.0
す,30.0,8,1,False,0.125
す,40.0,10,0,False,0.0
す,50.0,10,5,False,0.5
す,60.0,5,1,False,0.2
す,75.0,11,0,False,0.0
す,90.0,10,5,False,0.5
ず,10.0,5,1,False,0.2
ず,25.0,9,0,False,0.0
ず,35.0,6,0,False,0.0
ず,45.0,5,0,False,0.0
ず,55.0,7,0,False,0.0
ず,75.0,5,0,False,0.0
ず,100.0,9,1,False,0.1111111111111111
せ,10.0,6,0,False,0.0
せ,40.0,8,0,False,0.0
せ,55.0,8,0,False,0.0
せ,70.0,9,0,False,0.0
せ,85.0,5,1,False,0.2
せ,110.0,7,6,False,0.8571428571428571
せ,135.0,8,6,False,0.75
ぜ,10.0,6,0,False,0.0
ぜ,25.0,5,0,False,0.0
ぜ,30.0,6,0,False,0.0
ぜ,40.0,2,0,False,0.0
ぜ,55.0,5,2,False,0.4
ぜ,70.0,6,2,False,0.3333333333333333
ぜ,90.0,4,3,False,0.75
そ,10.0,5,0,False,0.0
そ,40.0,5,0,False,0.0
そ,60.0,5,0,False,0.0
そ,75.0,3,0,False,0.0
そ,95.0,7,0,False,0.0
そ,120.0,5,1,False,0.2
そ,150.0,4,3,False,0.75
ぞ,10.0,11,0,False,0.0
ぞ,25.0,4,0,False,0.0
ぞ,35.0,7,0,False,0.0
ぞ,45.0,9,0,False,0.0
ぞ,60.0,5,0,False,0.0
ぞ,80.0,12,1,False,0.08333333333333333
ぞ,100.0,4,1,False,0.25
た,10.0,6,0,False,0.0
た,20.0,8,1,False,0.125
た,30.0,6,1,False,0.16666666666666666
た,40.0,4,4,False,1.0
た,50.0,11,10,False,0.9090909090909091
た,65.0,4,3,False,0.75
た,95.0,8,8,False,1.0
だ,10.0,9,0,False,0.0
だ,20.0,7,0,False,0.0
だ,30.0,6,0,False,0.0
だ,40.0,10,1,False,0.1
だ,50.0,7,0,False,0.0
だ,65.0,11,0,False,0.0
だ,95.0,4,0,False,0.0
ち,10.0,7,2,False,0.2857142857142857
ち,25.0,7,2,False,0.2857142857142857
ち,35.0,4,3,False,0.75
ち,45.0,7,4,False,0.5714285714285714
ち,55.0,6,4,False,0.6666666666666666
ち,75.0,5,5,False,1.0
ち,100.0,7,7,False,1.0
つ,10.0,35,14,False,0.4
つ,20.0,32,15,False,0.46875
つ,30.0,33,24,False,0.7272727272727273
つ,35.0,34,14,False,0.4117647058823529
つ,50.0,31,21,False,0.6774193548387096
つ,65.0,35,23,False,0.6571428571428571
つ,85.0,33,22,False,0.6666666666666666
て,10.0,4,0,False,0.0
て,20.0,7,1,False,0.14285714285714285
て,25.0,7,1,False,0.14285714285714285
て,35.0,5,2,False,0.4
て,45.0,8,6,False,0.75
て,60.0,5,5,False,1.0
て,80.0,7,4,False,0.5714285714285714
で,10.0,3,0,False,0.0
で,20.0,6,0,False,0.0
で,25.0,7,0,False,0.0
で,35.0,5,0,False,0.0
で,45.0,8,1,False,0.125
で,60.0,2,1,False,0.5
で,80.0,6,2,False,0.3333333333333333
と,10.0,2,0,False,0.0
と,20.0,7,2,False,0.2857142857142857
と,25.0,7,1,False,0.14285714285714285
と,35.0,3,3,False,1.0
と,45.0,6,3,False,0.5
と,60.0,7,4,False,0.5714285714285714
と,80.0,5,3,False,0.6
ど,10.0,4,0,False,0.0
ど,15.0,4,0,False,0.0
ど,25.0,11,0,False,0.0
ど,30.0,4,0,False,0.0
ど,45.0,4,0,False,0.0
ど,55.0,11,0,False,0.0
ど,75.0,3,1,False,0.3333333333333333
な,10.0,4,0,False,0.0
な,25.0,9,0,False,0.0
な,35.0,4,0,False,0.0
な,50.0,7,1,False,0.14285714285714285
な,70.0,7,5,False,0.7142857142857143
な,90.0,4,4,False,1.0
な,125.0,6,4,False,0.6666666666666666
に,10.0,5,0,False,0.0
に,25.0,12,0,False,0.0
に,35.0,6,0,False,0.0
に,50.0,7,4,False,0.5714285714285714
に,70.0,12,9,False,0.75
に,90.0,6,5,False,0.8333333333333334
に,125.0,6,6,False,1.0
ぬ,10.0,9,0,False,0.0
ぬ,20.0,7,0,False,0.0
ぬ,35.0,7,1,False,0.14285714285714285
ぬ,45.0,10,1,False,0.1
ぬ,60.0,7,5,False,0.7142857142857143
ぬ,80.0,8,7,False,0.875
ぬ,115.0,6,5,False,0.8333333333333334
ね,10.0,5,0,False,0.0
ね,25.0,7,0,False,0.0
ね,35.0,7,0,False,0.0
ね,50.0,5,0,False,0.0
ね,70.0,10,7,False,0.7
ね,90.0,6,5,False,0.8333333333333334
ね,130.0,3,3,False,1.0
の,10.0,6,0,False,0.0
の,20.0,5,0,False,0.0
の,35.0,8,0,False,0.0
の,45.0,4,0,False,0.0
の,65.0,5,3,False,0.6
の,80.0,6,4,False,0.6666666666666666
の,115.0,5,4,False,0.8
は,10.0,10,1,False,0.1
は,30.0,6,6,False,1.0
は,40.0,9,3,False,0.3333333333333333
は,50.0,10,7,False,0.7
は,60.0,9,8,False,0.8888888888888888
は,75.0,5,4,False,0.8
は,95.0,9,9,False,1.0
ば,10.0,8,0,False,0.0
ば,15.0,6,0,False,0.0
ば,25.0,7,1,False,0.14285714285714285
ば,30.0,6,1,False,0.16666666666666666
ば,45.0,7,0,False,0.0
ば,55.0,8,1,False,0.125
ば,75.0,6,1,False,0.16666666666666666
ぱ,10.0,33,0,False,0.0
ぱ,15.0,34,6,False,0.17647058823529413
ぱ,25.0,31,12,False,0.3870967741935484
ぱ,30.0,35,14,False,0.4
ぱ,40.0,33,13,False,0.3939393939393939
ぱ,50.0,31,16,False,0.5161290322580645
ぱ,70.0,35,17,False,0.4857142857142857
ひ,10.0,3,0,False,0.0
ひ,25.0,6,0,False,0.0
ひ,40.0,5,0,False,0.0
ひ,50.0,4,0,False,0.0
ひ,60.0,4,2,False,0.5
ひ,70.0,5,0,False,0.0
ひ,90.0,6,1,False,0.16666666666666666
び,10.0,10,0,False,0.0
び,20.0,8,0,False,0.0
び,25.0,6,0,False,0.0
び,35.0,9,0,False,0.0
び,50.0,8,2,False,0.25
び,60.0,8,3,False,0.375
び,85.0,8,1,False,0.125
ぴ,10.0,7,0,False,0.0
ぴ,15.0,10,3,False,0.3
ぴ,25.0,6,0,False,0.0
ぴ,30.0,6,0,False,0.0
ぴ,40.0,9,0,False,0.0
ぴ,50.0,8,0,False,0.0
ぴ,70.0,5,1,False,0.2
ふ,10.0,6,0,False,0.0
ふ,25.0,3,0,False,0.0
ふ,35.0,7,0,False,0.0
ふ,45.0,4,0,False,0.0
ふ,50.0,6,0,False,0.0
ふ,65.0,6,3,False,0.5
ふ,80.0,3,0,False,0.0
ぶ,10.0,6,1,False,0.16666666666666666
ぶ,15.0,9,1,False,0.1111111111111111
ぶ,20.0,10,1,False,0.1
ぶ,25.0,8,1,False,0.125
ぶ,35.0,12,2,False,0.16666666666666666
ぶ,45.0,8,2,False,0.25
ぶ,60.0,7,3,False,0.42857142857142855
ぷ,10.0,4,0,False,0.0
ぷ,15.0,6,0,False,0.0
ぷ,25.0,10,4,False,0.4
ぷ,30.0,4,1,False,0.25
ぷ,40.0,9,3,False,0.3333333333333333
ぷ,50.0,7,1,False,0.14285714285714285
ぷ,65.0,2,1,False,0.5
へ,10.0,8,0,False,0.0
へ,30.0,6,0,False,0.0
へ,40.0,7,1,False,0.14285714285714285
へ,50.0,7,0,False,0.0
へ,60.0,6,1,False,0.16666666666666666
へ,75.0,9,1,False,0.1111111111111111
へ,90.0,8,1,False,0.125
べ,10.0,12,0,False,0.0
べ,15.0,10,0,False,0.0
べ,25.0,9,1,False,0.1111111111111111
べ,30.0,11,0,False,0.0
べ,45.0,11,1,False,0.09090909090909091
べ,55.0,9,1,False,0.1111111111111111
べ,75.0,10,0,False,0.0
ぺ,10.0,10,0,False,0.0
ぺ,15.0,6,0,False,0.0
ぺ,25.0,10,1,False,0.1
ぺ,30.0,8,1,False,0.125
ぺ,45.0,9,0,False,0.0
ぺ,55.0,10,1,False,0.1
ぺ,75.0,8,0,False,0.0
ほ,10.0,9,0,False,0.0
ほ,30.0,9,1,False,0.1111111111111111
ほ,40.0,10,0,False,0.0
ほ,50.0,4,3,False,0.75
ほ,60.0,10,3,False,0.3
ほ,75.0,9,3,False,0.3333333333333333
ほ,90.0,7,2,False,0.2857142857142857
ぼ,10.0,9,0,False,0.0
ぼ,20.0,10,0,False,0.0
ぼ,25.0,4,0,False,0.0
ぼ,35.0,10,1,False,0.1
ぼ,45.0,6,0,False,0.0
ぼ,55.0,8,0,False,0.0
ぼ,80.0,11,1,False,0.09090909090909091
ぽ,10.0,10,0,False,0.0
ぽ,20.0,7,0,False,0.0
ぽ,30.0,5,2,False,0.4
ぽ,35.0,11,4,False,0.36363636363636365
ぽ,50.0,7,3,False,0.42857142857142855
ぽ,65.0,8,5,False,0.625
ぽ,90.0,8,1,False,0.125
ま,10.0,31,0,False,0.0
ま,25.0,35,1,False,0.02857142857142857
ま,35.0,32,1,False,0.03125
ま,50.0,33,24,False,0.7272727272727273
ま,65.0,34,29,False,0.8529411764705882
ま,85.0,31,28,False,0.9032258064516129
ま,125.0,35,34,False,0.9714285714285714
み,10.0,9,0,False,0.0
み,20.0,6,0,False,0.0
み,35.0,3,0,False,0.0
み,45.0,9,0,False,0.0
み,60.0,4,3,False,0.75
み,80.0,4,4,False,1.0
み,115.0,10,9,False,0.9
む,10.0,5,0,False,0.0
む,20.0,4,0,False,0.0
む,35.0,6,0,False,0.0
む,45.0,7,2,False,0.2857142857142857
む,60.0,2,1,False,0.5
む,80.0,5,3,False,0.6
む,115.0,6,6,False,1.0
め,10.0,3,0,False,0.0
め,20.0,5,0,False,0.0
め,35.0,7,0,False,0.0
め,45.0,3,0,False,0.0
め,65.0,8,4,False,0.5
め,85.0,4,4,False,1.0
め,120.0,4,2,False,0.5
も,10.0,9,0,False,0.0
も,25.0,7,0,False,0.0
も,35.0,5,0,False,0.0
も,50.0,11,0,False,0.0
も,65.0,7,5,False,0.7142857142857143
も,85.0,6,5,False,0.8333333333333334
も,125.0,9,4,False,0.4444444444444444
や,10.0,7,0,False,0.0
や,30.0,3,0,False,0.0
や,40.0,8,4,False,0.5
や,55.0,5,3,False,0.6
や,75.0,7,7,False,1.0
や,100.0,6,5,False,0.8333333333333334
や,130.0,6,6,False,1.0
ゆ,10.0,4,0,False,0.0
ゆ,25.0,6,0,False,0.0
ゆ,30.0,5,0,False,0.0
ゆ,40.0,6,0,False,0.0
ゆ,55.0,2,1,False,0.5
ゆ,70.0,6,3,False,0.5
ゆ,90.0,6,1,False,0.16666666666666666
よ,10.0,10,0,False,0.0
よ,30.0,5,0,False,0.0
よ,40.0,8,1,False,0.125
よ,55.0,7,1,False,0.14285714285714285
よ,70.0,4,2,False,0.5
よ,95.0,7,7,False,1.0
よ,125.0,10,10,False,1.0
ら,10.0,33,0,False,0.0
ら,25.0,31,1,False,0.03225806451612903
ら,35.0,35,2,False,0.05714285714285714
ら,50.0,32,9,False,0.28125
ら,65.0,33,16,False,0.48484848484848486
ら,85.0,34,14,False,0.4117647058823529
ら,110.0,31,11,False,0.3548387096774194
り,10.0,8,1,False,0.125
り,20.0,3,0,False,0.0
り,30.0,2,0,False,0.0
り,35.0,8,2,False,0.25
り,45.0,2,0,False,0.0
り,60.0,5,0,False,0.0
り,80.0,6,3,False,0.5
る,10.0,5,0,False,0.0
る,25.0,5,0,False,0.0
る,35.0,10,0,False,0.0
る,45.0,6,1,False,0.16666666666666666
る,60.0,5,3,False,0.6
る,85.0,9,4,False,0.4444444444444444
る,110.0,6,5,False,0.8333333333333334
れ,10.0,10,1,False,0.1
れ,25.0,6,0,False,0.0
れ,30.0,7,1,False,0.14285714285714285
れ,40.0,9,6,False,0.6666666666666666
れ,55.0,6,4,False,0.6666666666666666
れ,70.0,8,8,False,1.0
れ,95.0,9,9,False,1.0
ろ,10.0,7,0,False,0.0
ろ,20.0,8,0,False,0.0
ろ,30.0,6,0,False,0.0
ろ,35.0,6,0,False,0.0
ろ,50.0,6,0,False,0.0
ろ,65.0,7,0,False,0.0
ろ,80.0,8,1,False,0.125
わ,10.0,2,0,False,0.0
わ,25.0,8,0,False,0.0
わ,40.0,5,0,False,0.0
わ,50.0,6,2,False,0.3333333333333333
わ,65.0,7,7,False,1.0
わ,90.0,3,2,False,0.6666666666666666
わ,115.0,8,8,False,1.0
